l-down,141,62,229,293
l-down,140,63,228,293
l-down,141,62,229,293
l-down,141,62,228,293
l-down,141,62,229,292
l-down,139,63,230,291
l-down,140,64,231,290
l-down,141,64,231,290
l-down,140,63,230,290
l-down,141,63,230,290
l-down,142,62,229,291
l-down,144,61,230,290
l-down,146,61,230,290
l-down,147,60,231,290
l-down,148,60,232,290
l-down,148,60,232,290
l-down,148,60,233,290
l-down,148,60,234,289
l-down,148,60,236,289
l-down,149,60,235,289
l-down,148,61,235,289
l-down,148,61,235,288
l-down,148,61,236,288
l-down,146,61,237,288
l-down,146,61,236,289
l-down,147,60,235,289
l-down,146,61,236,288
l-down,146,61,236,288
l-down,146,61,238,288
l-down,146,61,237,289
l-down,147,60,238,288
l-down,147,60,238,288
l-down,147,59,239,288
l-down,148,58,240,287
l-down,148,58,240,287
l-down,147,57,241,285
l-down,146,56,241,285
l-down,147,57,240,286
l-down,147,56,241,286
l-down,146,57,241,286
l-down,148,57,240,287
l-down,148,57,241,287
l-down,147,57,241,286
l-down,146,58,242,286
l-down,147,59,241,286
l-down,148,58,243,285
l-down,150,57,241,286
l-down,150,56,241,286
l-down,152,55,241,286
l-down,155,54,239,286
l-down,156,52,238,287
l-down,157,52,239,287
l-down,157,52,239,287
l-down,156,53,239,287
l-down,156,52,238,287
l-down,156,52,237,288
l-down,156,52,237,288
l-down,155,53,238,288
l-down,157,51,238,289
l-down,157,50,239,289
l-down,158,50,239,289
l-down,158,50,239,288
l-down,160,49,238,289
l-down,160,49,237,290
l-down,159,49,235,292
l-down,158,50,236,291
l-down,159,50,237,291
l-down,158,50,237,291
l-down,158,50,238,289
l-down,158,50,239,289
l-down,157,50,240,289
l-down,157,50,241,289
l-down,159,50,239,290
l-down,157,50,238,290
l-down,158,50,238,290
l-down,158,50,238,291
l-down,158,50,239,290
l-down,159,50,238,291
l-down,160,48,238,292
l-down,160,49,238,292
l-down,159,49,238,292
l-down,160,48,239,292
l-down,160,49,238,292
l-down,161,48,239,292
l-down,163,48,238,292
l-down,163,47,238,292
l-down,164,47,238,292
l-down,163,47,240,291
l-down,163,47,240,291
l-down,163,47,239,291
l-down,163,47,239,291
l-down,163,47,238,292
l-down,162,47,239,291
l-down,163,47,239,291
l-down,163,47,239,291
l-down,162,48,239,291
l-down,162,48,239,291
l-down,160,48,239,291
l-down,161,48,238,292
l-down,161,49,239,291
l-down,161,48,239,291
l-down,160,49,239,291
l-down,160,49,240,290
l-down,161,48,238,291
l-down,160,49,237,292
l-down,161,48,237,292
l-down,160,49,237,292
l-down,157,51,237,292
l-down,176,16,239,293
l-down,176,23,239,292
l-down,167,43,238,291
l-down,160,49,237,292
l-down,156,51,237,292
l-down,157,52,237,292
l-down,157,52,238,291
l-down,157,52,237,292
l-down,157,52,236,292
l-down,157,51,235,292
l-down,159,51,234,293
l-down,155,51,234,293
l-down,154,53,234,292
l-down,154,54,235,292
l-down,154,54,235,292
l-down,154,53,234,291
l-down,153,54,234,291
l-down,155,54,234,291
l-down,153,55,234,290
l-down,153,55,236,289
l-down,154,54,235,290
l-down,155,55,237,290
l-down,152,56,237,289
l-down,151,56,236,290
l-down,150,57,237,289
l-down,149,58,238,289
l-down,147,59,238,289
l-down,147,59,237,288
l-down,146,60,237,288
l-down,145,60,237,288
l-down,144,60,237,288
l-down,147,59,236,288
l-down,147,58,234,290
l-down,148,57,235,290
l-down,148,57,234,291
l-down,148,57,232,292
l-down,148,57,232,292
l-down,150,57,232,292
l-down,150,57,233,292
l-down,149,57,234,291
l-down,148,57,234,291
l-down,146,59,235,291
l-down,144,59,236,290
l-down,144,60,235,291
l-down,144,61,233,292
l-down,143,62,233,293
l-down,143,62,232,293
l-down,143,61,232,294
l-down,142,62,232,294
l-down,142,62,232,294
l-down,142,62,233,293
l-down,143,61,232,294
l-down,142,61,230,296
l-down,143,60,230,296
l-down,143,60,228,296
l-down,143,61,227,297
l-down,142,62,225,297
l-down,143,62,222,296
l-down,142,63,223,294
l-down,141,64,223,293
l-down,140,64,221,294
l-down,140,63,221,295
l-down,138,63,220,295
l-down,138,62,221,295
l-down,138,62,221,296
l-down,139,61,222,296
l-down,139,61,221,297
l-down,137,62,221,298
l-down,136,62,221,297
l-down,138,62,221,298
l-down,138,62,222,297
l-down,138,63,220,299
l-down,137,64,220,299
l-down,136,64,219,299
l-down,136,64,219,299
l-down,136,64,219,299
l-down,137,64,220,300
l-down,136,64,220,301
l-down,135,64,219,301
l-down,134,64,219,301
l-down,134,64,219,301
l-down,133,64,218,302
l-down,134,63,220,302
l-down,134,64,221,301
l-down,133,63,221,301
l-down,131,64,220,301
l-down,131,65,220,302
l-down,130,65,220,302
l-down,131,64,221,302
l-down,130,65,220,302
l-down,131,65,219,303
l-down,130,65,219,303
l-down,131,65,218,303
l-down,131,65,217,304
l-down,131,65,215,304
l-down,131,66,213,305
l-down,131,66,211,306
l-down,132,65,210,305
l-down,133,65,210,306
l-down,133,65,210,307
l-down,133,65,209,307
l-down,132,65,209,307
l-down,131,66,210,307
l-down,132,65,209,307
l-down,132,65,209,308
l-down,133,65,206,309
l-down,133,64,205,310
l-down,132,65,204,312
l-down,131,65,202,313
l-down,132,65,202,313
l-down,132,65,202,314
l-down,132,65,202,313
l-down,131,65,201,314
l-down,129,66,203,313
l-down,129,65,202,313
l-down,129,65,203,313
l-down,129,65,203,313
l-down,128,65,204,313
l-down,129,65,203,313
l-down,128,65,203,314
l-down,128,66,203,314
l-down,127,66,203,313
l-down,127,66,204,312
l-down,128,66,205,312
l-down,127,66,204,312
l-down,128,66,204,312
l-down,128,66,204,312
l-down,128,66,205,312
l-down,129,66,205,312
l-down,128,66,206,311
l-down,129,66,206,311
l-down,130,67,206,311
l-down,129,67,207,311
l-down,129,67,206,311
l-down,129,67,206,311
l-down,130,67,206,311
l-down,130,67,206,311
l-down,130,67,206,311
l-down,129,67,205,311
l-down,129,67,206,311
l-down,129,66,205,312
l-down,129,66,205,311
l-down,130,66,205,312
l-left,312,75,167,278
l-left,154,271,307,80
l-left,162,274,305,82
l-left,162,271,335,79
l-left,165,270,65,1
l-left,170,269,308,80
l-left,170,268,306,78
l-left,170,268,307,78
l-left,171,270,305,80
l-left,171,270,305,80
l-left,173,267,302,88
l-left,312,77,167,269
l-left,310,75,171,268
l-left,311,73,170,270
l-left,310,75,172,270
l-left,310,75,171,271
l-left,310,76,171,273
l-left,311,76,173,271
l-left,310,76,171,272
l-left,315,75,172,272
l-left,312,75,172,271
l-left,312,75,172,272
l-left,313,72,168,275
l-left,312,72,167,276
l-left,308,74,171,274
l-left,149,279,10,57
l-left,165,269,318,92
l-left,168,269,300,93
l-left,168,270,302,96
l-left,168,274,295,93
l-left,166,273,355,64
l-left,168,274,300,89
l-left,168,275,294,86
l-left,169,275,267,92
l-left,165,274,340,76
l-left,141,304,141,283
l-left,308,78,165,275
l-left,6,53,155,292
l-left,156,273,302,81
l-left,162,272,283,80
l-left,149,296,148,299
l-left,138,303,158,294
l-left,65,359,167,275
l-left,312,76,167,276
l-left,313,74,170,276
l-left,312,75,169,277
l-left,157,276,25,47
l-left,153,270,338,88
l-left,167,270,293,95
l-left,170,272,299,90
l-left,169,272,302,88
l-left,166,276,301,87
l-left,164,279,301,86
l-left,164,278,302,87
l-left,165,278,301,90
l-left,164,275,350,82
l-left,165,276,302,95
l-left,132,276,13,70
l-left,313,72,171,281
l-left,314,73,170,282
l-left,314,73,166,285
l-left,313,74,165,284
l-left,312,74,164,287
l-left,312,73,163,287
l-left,312,73,160,288
l-left,313,71,160,288
l-left,313,70,162,289
l-left,314,71,160,291
l-left,314,71,160,291
l-left,313,71,161,291
l-left,313,71,162,291
l-left,314,71,162,291
l-left,313,72,165,288
l-left,313,72,164,288
l-left,313,72,164,288
l-left,313,72,165,288
l-left,313,73,165,288
l-left,312,74,165,289
l-left,312,74,165,288
l-left,311,75,164,288
l-left,310,76,165,287
l-left,310,76,163,288
l-left,310,75,163,288
l-left,310,75,164,288
l-left,311,75,165,288
l-left,311,74,164,289
l-left,310,74,164,288
l-left,310,74,163,288
l-left,310,74,163,288
l-left,310,74,163,288
l-left,310,75,163,288
l-left,310,74,161,289
l-left,311,75,161,289
l-left,311,74,160,290
l-left,311,74,160,291
l-left,311,74,159,291
l-left,311,74,158,292
l-left,310,74,158,292
l-left,311,74,158,292
l-left,310,75,160,291
l-left,310,74,159,292
l-left,312,73,160,292
l-left,312,73,160,292
l-left,311,73,160,292
l-left,311,73,158,293
l-left,311,72,158,294
l-left,311,73,158,294
l-left,312,73,159,294
l-left,312,73,159,294
l-left,312,73,159,293
l-left,312,73,160,292
l-left,312,73,160,292
l-left,311,73,161,292
l-left,311,74,160,291
l-left,310,75,160,291
l-left,310,75,160,291
l-left,311,75,161,290
l-left,312,74,161,290
l-left,312,75,161,290
l-left,312,74,161,290
l-left,312,74,162,290
l-left,311,75,161,290
l-left,311,74,160,290
l-left,312,73,159,291
l-left,313,73,159,291
l-left,314,72,157,293
l-left,316,70,157,293
l-left,315,71,158,293
l-left,314,72,158,293
l-left,315,72,157,294
l-left,314,72,157,293
l-left,314,72,158,292
l-left,316,72,158,292
l-left,316,71,159,291
l-left,313,72,158,290
l-left,312,72,158,289
l-left,313,72,159,288
l-left,313,73,163,286
l-left,311,73,163,286
l-left,309,74,163,284
l-left,309,74,165,282
l-left,70,338,169,281
l-left,165,273,296,84
l-left,166,276,300,84
l-left,166,275,299,85
l-left,309,79,156,278
l-left,308,81,166,273
l-left,309,79,170,276
l-left,309,77,170,274
l-left,309,76,171,275
l-left,309,75,169,276
l-left,311,74,171,276
l-left,312,73,172,277
l-left,314,72,172,277
l-left,315,71,170,277
l-left,314,71,170,277
l-left,315,71,169,277
l-left,314,72,170,277
l-left,314,72,169,277
l-left,314,72,169,277
l-left,70,348,173,281
l-left,310,71,173,278
l-left,322,75,175,273
l-left,300,74,175,267
l-left,300,71,174,265
l-left,301,70,173,267
l-left,301,70,172,267
l-left,302,71,172,266
l-left,302,71,167,267
l-left,340,72,166,267
l-left,317,72,166,266
l-left,309,71,166,267
l-left,308,70,166,268
l-left,307,71,166,269
l-left,146,285,123,305
l-left,304,65,163,272
l-left,297,68,167,265
l-left,297,70,170,265
l-left,160,264,116,303
l-left,167,263,134,281
l-left,301,78,169,261
l-left,165,265,286,76
l-left,305,75,153,272
l-left,150,269,94,318
l-left,303,74,156,268
l-left,125,275,121,295
l-left,169,264,293,44
l-left,172,264,289,77
l-left,175,265,328,57
l-left,178,265,39,3
l-left,180,263,299,73
l-left,181,263,298,68
l-left,161,286,131,296
l-left,313,73,163,269
l-left,307,71,171,266
l-left,308,69,173,266
l-left,306,67,172,267
l-left,306,66,173,267
l-left,308,66,173,268
l-left,307,67,171,267
l-left,35,4,170,271
l-left,305,66,170,270
l-left,302,66,173,268
l-left,305,65,172,268
l-left,302,64,173,267
l-left,301,63,173,267
l-left,303,61,173,267
l-left,303,61,173,267
l-left,303,61,173,267
l-left,302,61,172,268
l-left,301,63,171,269
l-left,300,63,169,269
l-left,301,63,170,268
l-left,301,63,170,268
l-left,302,62,170,268
l-left,303,62,169,268
l-left,303,62,169,269
l-left,304,61,168,269
l-left,304,61,167,270
l-left,307,60,168,270
l-left,307,60,169,270
l-left,307,58,168,271
l-left,308,59,168,271
l-left,309,58,166,272
l-left,309,58,165,272
l-left,308,57,165,271
l-left,308,56,166,270
l-left,307,56,164,272
l-left,307,56,165,272
l-left,305,56,167,270
l-left,307,57,168,270
l-left,305,57,170,269
l-left,305,56,171,266
l-left,304,56,169,266
l-left,304,56,169,267
l-left,302,56,170,265
l-left,289,39,344,48
l-left,294,40,323,56
l-left,305,52,156,276
l-left,303,49,51,348
l-left,305,55,162,272
l-left,306,56,171,269
l-left,307,58,173,267
l-left,308,59,175,266
l-left,308,59,175,267
l-left,308,59,174,269
l-left,310,59,174,268
l-left,311,59,174,269
l-left,311,58,173,269
l-left,313,56,173,270
l-left,313,56,173,270
l-left,313,55,173,270
l-left,313,56,172,270
l-left,314,56,172,270
l-left,315,55,171,270
l-left,313,55,170,270
l-left,313,54,170,270
l-left,312,55,169,271
l-left,312,55,170,270
l-left,311,55,161,275
l-left,312,55,162,275
l-left,312,55,162,275
l-left,313,54,163,274
l-left,314,54,163,274
l-left,313,53,164,275
l-left,313,54,164,275
l-left,313,53,163,275
l-left,313,53,165,275
l-left,314,52,165,274
l-left,314,51,165,274
l-left,315,51,165,275
l-left,315,50,166,274
l-left,314,51,166,274
l-left,314,51,166,274
l-left,315,51,166,275
l-left,314,52,166,274
l-left,314,52,167,273
l-left,314,76,172,271
l-left,314,82,174,275
l-left,311,81,175,276
l-left,307,83,180,273
l-left,302,82,176,275
l-left,293,81,176,275
l-left,283,81,179,272
l-left,274,82,179,272
l-left,265,83,181,271
l-left,256,83,181,271
l-left,247,84,182,271
l-left,245,85,182,273
l-left,249,86,182,273
l-left,255,85,182,274
l-left,261,85,182,274
l-left,271,85,182,274
l-left,279,83,182,274
l-left,285,84,181,274
l-left,291,83,180,274
l-left,298,82,180,274
l-left,304,82,180,274
l-left,308,82,180,274
l-left,313,82,180,274
l-left,314,82,180,274
l-left,315,83,180,274
l-left,315,82,180,274
l-left,314,82,180,274
l-left,315,83,180,274
l-left,314,84,180,274
l-left,308,84,182,274
l-left,301,84,181,274
l-left,292,85,181,273
l-left,284,87,180,274
l-left,277,87,181,273
l-left,270,87,182,273
l-left,262,88,181,273
l-left,254,90,180,273
l-left,247,89,179,275
l-left,258,85,179,275
l-left,269,83,178,276
l-left,277,82,176,277
l-left,286,81,175,278
l-left,297,79,176,278
l-left,305,77,176,278
l-left,311,76,176,279
l-left,313,76,176,278
l-left,314,75,176,279
l-left,313,75,178,278
l-left,310,76,177,277
l-left,305,75,178,277
l-left,296,76,177,277
l-left,286,77,176,278
l-left,278,79,177,277
l-left,268,82,177,277
l-left,254,86,178,276
l-left,239,91,179,276
l-left,238,92,180,277
l-left,248,89,180,275
l-left,261,84,180,276
l-left,274,82,181,275
l-left,288,76,180,276
l-left,298,75,181,276
l-left,307,75,180,277
l-left,312,74,181,277
l-left,318,75,180,277
l-left,322,75,179,278
l-left,321,75,178,278
l-left,318,76,178,279
l-left,314,75,177,279
l-left,307,75,178,279
l-left,300,75,176,279
l-left,298,77,176,279
l-left,285,78,176,279
l-left,271,83,176,279
l-left,254,87,176,278
l-left,242,91,177,278
l-left,231,93,177,278
l-left,237,87,175,276
l-left,250,86,176,277
l-left,270,82,175,278
l-left,286,78,176,279
l-left,297,76,175,279
l-left,308,75,176,278
l-left,315,75,176,279
l-left,323,75,175,279
l-left,326,74,175,279
l-left,325,74,175,279
l-left,321,74,175,279
l-left,317,74,175,278
l-left,315,74,175,279
l-left,307,74,175,279
l-left,298,74,174,279
l-left,290,74,175,279
l-left,282,75,176,278
l-left,273,77,175,279
l-left,263,77,174,280
l-left,253,80,174,279
l-left,238,85,175,279
l-left,232,88,176,280
l-left,236,91,175,281
l-left,248,90,176,280
l-left,260,89,177,279
l-left,263,89,178,279
l-left,278,89,178,279
l-left,294,89,177,279
l-left,303,89,178,280
l-left,308,90,178,280
l-left,313,90,179,280
l-left,314,90,179,280
l-left,314,89,180,280
l-left,313,88,179,281
l-left,313,86,178,281
l-left,307,85,178,281
l-left,296,85,179,281
l-left,288,84,180,280
l-left,278,85,179,280
l-left,270,86,179,280
l-left,261,87,179,279
l-left,252,89,179,279
l-left,241,94,180,278
l-left,233,96,180,278
l-left,227,97,180,278
l-right,184,89,42,280
l-right,181,85,47,279
l-right,179,85,50,280
l-right,181,85,56,279
l-right,182,85,62,278
l-right,182,86,70,279
l-right,184,85,76,278
l-right,183,85,83,276
l-right,161,140,312,0
l-right,80,255,188,93
l-right,79,256,190,91
l-right,74,258,184,96
l-right,76,257,179,95
l-right,181,87,98,273
l-right,74,259,186,96
l-right,78,258,182,94
l-right,77,260,185,91
l-right,75,261,183,94
l-right,77,259,182,94
l-right,78,258,182,94
l-right,77,259,180,94
l-right,76,260,180,96
l-right,183,85,106,276
l-right,76,251,198,86
l-right,224,85,20,299
l-right,182,92,78,264
l-right,180,90,80,263
l-right,143,151,218,103
l-right,83,248,180,102
l-right,176,137,127,191
l-right,81,247,204,99
l-right,79,247,175,104
l-right,211,101,82,258
l-right,178,90,117,269
l-right,117,178,210,90
l-right,182,114,228,60
l-right,172,98,78,261
l-right,176,94,83,259
l-right,76,257,183,100
l-right,83,250,201,97
l-right,92,225,193,109
l-right,82,247,173,104
l-right,233,96,83,261
l-right,180,94,80,261
l-right,181,85,126,268
l-right,173,111,85,267
l-right,184,94,81,267
l-right,185,91,77,267
l-right,187,88,78,266
l-right,187,89,79,267
l-right,186,90,80,267
l-right,184,91,77,267
l-right,183,91,77,266
l-right,181,92,77,266
l-right,182,93,79,266
l-right,181,93,78,266
l-right,180,93,79,265
l-right,181,92,78,265
l-right,182,93,78,266
l-right,185,92,79,266
l-right,186,89,76,270
l-right,184,94,49,267
l-right,189,88,72,266
l-right,190,87,74,270
l-right,189,88,75,270
l-right,189,89,77,269
l-right,188,90,78,269
l-right,188,90,76,269
l-right,188,89,77,270
l-right,187,90,77,270
l-right,187,90,77,269
l-right,186,90,77,270
l-right,185,90,77,269
l-right,185,91,77,269
l-right,186,90,80,268
l-right,188,89,80,267
l-right,188,90,81,264
l-right,190,87,80,268
l-right,191,86,78,269
l-right,192,86,77,270
l-right,191,86,77,269
l-right,191,86,78,269
l-right,191,85,79,268
l-right,191,85,79,269
l-right,191,86,79,269
l-right,192,85,79,269
l-right,191,85,79,268
l-right,191,85,78,271
l-right,191,85,76,271
l-right,191,85,75,273
l-right,191,86,76,273
l-right,190,87,76,273
l-right,190,87,75,273
l-right,190,87,76,271
l-right,189,88,77,271
l-right,190,87,76,272
l-right,189,89,78,271
l-right,188,89,79,270
l-right,187,89,80,268
l-right,187,89,80,268
l-right,188,88,80,270
l-right,187,89,78,270
l-right,186,89,78,270
l-right,185,90,79,268
l-right,184,89,79,267
l-right,183,94,81,264
l-right,180,92,82,262
l-right,126,169,208,93
l-right,92,245,176,102
l-right,176,73,357,271
l-right,83,210,200,83
l-right,176,88,15,277
l-right,36,260,205,84
l-right,76,258,181,99
l-right,73,261,181,95
l-right,72,264,180,95
l-right,73,265,182,92
l-right,74,263,182,94
l-right,77,259,175,98
l-right,185,88,79,265
l-right,69,268,186,96
l-right,72,264,181,97
l-right,75,260,175,99
l-right,76,257,176,99
l-right,183,90,86,254
l-right,211,109,181,92
l-right,178,90,86,255
l-right,76,263,183,105
l-right,77,257,181,101
l-right,82,248,188,99
l-right,81,246,178,100
l-right,81,246,180,98
l-right,82,245,179,97
l-right,82,246,177,96
l-right,197,109,86,255
l-right,163,138,101,234
l-right,84,247,180,99
l-right,84,245,178,94
l-right,83,245,180,91
l-right,82,246,181,92
l-right,82,248,182,92
l-right,81,248,182,91
l-right,80,248,183,90
l-right,80,248,182,91
l-right,80,249,182,90
l-right,80,248,182,91
l-right,185,79,115,279
l-right,163,111,82,258
l-right,161,110,78,259
l-right,166,105,80,256
l-right,83,246,178,94
l-right,178,93,77,258
l-right,180,90,77,261
l-right,183,89,77,260
l-right,185,86,75,261
l-right,186,85,76,260
l-right,188,84,77,261
l-right,180,85,115,274
l-right,195,83,213,92
l-right,180,87,80,256
l-right,173,89,78,259
l-right,176,88,77,260
l-right,178,85,76,261
l-right,180,85,78,260
l-right,180,86,77,261
l-right,181,86,77,261
l-right,182,85,77,262
l-right,183,84,78,261
l-right,177,85,97,275
l-right,179,79,92,267
l-right,180,87,68,264
l-right,88,247,186,99
l-right,186,90,84,260
l-right,179,89,82,255
l-right,178,88,78,258
l-right,177,87,88,275
l-right,222,60,76,262
l-right,213,64,82,251
l-right,210,63,77,257
l-right,208,65,77,256
l-right,208,65,77,258
l-right,203,66,77,258
l-right,202,68,342,314
l-right,197,70,27,265
l-right,269,22,233,85
l-right,219,71,319,357
l-right,180,84,43,278
l-right,219,55,92,245
l-right,81,245,190,86
l-right,191,82,78,257
l-right,183,83,35,255
l-right,180,84,77,256
l-right,181,83,77,256
l-right,184,81,78,256
l-right,187,78,73,258
l-right,191,77,76,257
l-right,191,77,76,257
l-right,183,82,75,272
l-right,171,82,76,258
l-right,171,85,77,255
l-right,172,83,77,258
l-right,182,79,76,257
l-right,188,76,76,255
l-right,204,91,77,261
l-right,76,249,182,88
l-right,179,79,68,261
l-right,167,86,74,257
l-right,169,86,73,258
l-right,180,85,67,279
l-right,175,83,354,258
l-right,176,79,69,256
l-right,178,76,76,255
l-right,180,74,76,256
l-right,185,74,77,256
l-right,187,74,76,256
l-right,187,75,76,256
l-right,188,74,75,256
l-right,188,73,76,254
l-right,187,73,78,253
l-right,180,84,62,279
l-right,188,73,75,257
l-right,192,71,78,254
l-right,192,70,79,255
l-right,190,71,77,257
l-right,190,72,78,256
l-right,227,71,78,259
l-right,217,79,70,266
l-right,186,78,76,259
l-right,178,78,77,256
l-right,177,79,77,259
l-right,174,87,57,275
l-right,202,72,122,231
l-right,198,72,116,233
l-right,207,69,97,247
l-right,217,62,86,256
l-right,213,63,87,251
l-right,204,64,85,252
l-right,188,97,233,76
l-right,188,80,81,254
l-right,182,83,50,279
l-right,179,84,47,279
l-right,177,85,46,277
l-right,179,83,43,277
l-right,181,83,43,279
l-right,179,84,43,278
l-right,178,84,44,278
l-right,178,84,47,278
l-right,178,84,50,277
l-right,177,85,50,277
l-right,177,86,56,275
l-right,178,86,66,275
l-right,177,86,75,275
l-right,175,88,82,273
l-right,177,88,90,273
l-right,178,87,100,272
l-right,179,86,109,271
l-right,180,87,119,269
l-right,181,85,132,267
l-right,179,85,115,275
l-right,180,84,106,276
l-right,181,84,98,276
l-right,181,84,91,274
l-right,182,83,80,276
l-right,182,82,71,276
l-right,183,82,65,278
l-right,183,81,59,280
l-right,182,81,50,281
l-right,184,80,44,282
l-right,184,80,43,282
l-right,184,79,44,283
l-right,184,80,49,282
l-right,184,80,56,283
l-right,184,80,65,281
l-right,184,80,73,278
l-right,183,80,83,277
l-right,183,81,94,275
l-right,182,82,105,273
l-right,183,81,117,270
l-right,183,82,129,267
l-right,177,85,132,268
l-right,176,85,121,268
l-right,176,85,109,275
l-right,175,85,93,278
l-right,175,85,80,282
l-right,175,85,67,284
l-right,175,85,59,287
l-right,174,84,52,287
l-right,175,84,45,287
l-right,176,83,39,286
l-right,176,83,36,286
l-right,177,83,36,287
l-right,177,82,38,286
l-right,178,82,43,287
l-right,179,82,51,285
l-right,178,82,57,285
l-right,180,82,61,283
l-right,180,82,76,280
l-right,180,82,89,277
l-right,180,82,102,274
l-right,181,82,114,272
l-right,179,83,105,275
l-right,180,82,90,277
l-right,181,82,75,282
l-right,182,81,63,283
l-right,181,81,53,283
l-right,182,80,45,284
l-right,181,80,39,284
l-right,181,80,35,284
l-right,181,80,36,284
l-right,182,80,39,284
l-right,182,80,43,284
l-right,182,80,45,284
l-right,180,81,52,284
l-right,180,81,61,285
l-right,181,81,71,285
l-right,181,81,77,285
l-right,181,80,84,285
l-right,182,80,92,283
l-right,182,81,103,282
l-right,180,82,117,279
l-right,179,83,123,275
l-right,179,81,119,273
l-right,179,81,107,273
l-right,177,81,96,272
l-right,177,81,90,272
l-right,176,81,76,272
l-right,177,80,63,272
l-right,178,81,56,272
l-right,178,80,49,271
l-right,177,80,44,271
l-right,179,79,42,271
l-right,178,79,42,272
l-right,180,78,44,273
l-right,180,78,46,274
l-right,180,79,54,274
l-right,179,79,62,274
l-right,179,79,69,275
l-right,179,80,76,275
l-right,178,80,84,275
l-right,178,79,93,273
l-right,177,80,101,271
l-right,176,81,110,270
l-right,175,82,121,266
l-up,341,68,102,280
l-up,87,282,320,29
l-up,87,278,323,34
l-up,89,280,11,353
l-up,88,277,354,9
l-up,87,277,284,50
l-up,93,281,0,348
l-up,104,303,50,300
l-up,88,278,279,82
l-up,85,277,283,81
l-up,84,277,283,80
l-up,85,277,280,75
l-up,81,300,46,316
l-up,54,282,31,334
l-up,46,330,82,286
l-up,69,318,51,285
l-up,358,19,91,281
l-up,28,305,94,288
l-up,90,296,70,305
l-up,95,273,264,70
l-up,91,272,278,82
l-up,88,276,278,63
l-up,88,278,316,43
l-up,88,277,328,31
l-up,86,277,279,61
l-up,84,277,273,64
l-up,83,278,282,83
l-up,83,279,286,82
l-up,82,281,286,81
l-up,86,282,335,29
l-up,86,279,294,39
l-up,126,282,33,331
l-up,105,275,278,54
l-up,94,301,67,295
l-up,335,48,92,276
l-up,280,79,89,280
l-up,282,77,86,282
l-up,284,76,85,283
l-up,285,75,85,283
l-up,285,75,85,284
l-up,92,296,45,317
l-up,70,302,81,285
l-up,279,81,85,282
l-up,282,79,84,282
l-up,284,77,85,283
l-up,103,277,355,8
l-up,91,270,275,66
l-up,96,276,0,5
l-up,92,277,358,10
l-up,284,76,88,281
l-up,76,315,69,295
l-up,88,302,66,293
l-up,281,80,92,278
l-up,85,283,281,53
l-up,55,284,1,1
l-up,87,281,1,5
l-up,336,38,88,283
l-up,99,299,35,327
l-up,94,274,279,64
l-up,89,276,291,50
l-up,94,305,38,295
l-up,286,74,84,285
l-up,12,10,89,286
l-up,62,328,87,287
l-up,102,280,7,358
l-up,90,274,270,67
l-up,95,278,351,8
l-up,94,277,334,31
l-up,94,278,350,16
l-up,114,273,15,357
l-up,60,312,83,284
l-up,81,283,285,78
l-up,98,283,294,55
l-up,279,76,82,288
l-up,327,70,86,285
l-up,333,64,86,285
l-up,293,68,84,285
l-up,290,70,84,286
l-up,289,69,84,286
l-up,316,69,84,286
l-up,102,288,59,302
l-up,101,273,28,338
l-up,95,274,318,44
l-up,87,277,285,78
l-up,87,278,283,77
l-up,91,277,319,44
l-up,326,76,83,285
l-up,88,289,69,293
l-up,82,282,284,83
l-up,87,283,317,82
l-up,82,281,282,88
l-up,77,283,284,83
l-up,78,283,286,81
l-up,76,285,288,79
l-up,78,286,288,78
l-up,78,285,290,78
l-up,92,301,61,305
l-up,84,282,284,83
l-up,82,281,284,85
l-up,57,319,62,309
l-up,84,282,279,84
l-up,84,279,294,78
l-up,77,296,20,349
l-up,357,23,81,282
l-up,71,310,46,313
l-up,285,72,85,282
l-up,289,67,83,287
l-up,288,68,83,291
l-up,287,72,83,290
l-up,284,71,81,291
l-up,285,72,82,291
l-up,310,72,80,290
l-up,286,74,80,291
l-up,287,74,82,291
l-up,75,290,290,75
l-up,80,289,329,31
l-up,78,289,291,73
l-up,47,340,24,298
l-up,287,74,77,290
l-up,288,74,81,290
l-up,287,74,81,293
l-up,351,28,2,349
l-up,312,78,76,296
l-up,297,68,51,295
l-up,88,281,267,65
l-up,72,293,28,322
l-up,84,280,267,92
l-up,88,283,303,50
l-up,67,308,37,294
l-up,81,282,278,89
l-up,85,278,307,51
l-up,277,78,80,290
l-up,79,284,282,85
l-up,82,282,270,73
l-up,80,284,278,87
l-up,25,341,44,297
l-up,285,71,76,294
l-up,288,70,76,295
l-up,75,290,330,40
l-up,351,15,84,297
l-up,287,71,80,296
l-up,293,69,77,298
l-up,293,68,76,300
l-up,295,67,77,301
l-up,294,67,75,301
l-up,295,67,76,302
l-up,296,67,74,304
l-up,297,67,73,304
l-up,297,67,72,306
l-up,297,67,73,305
l-up,298,68,74,306
l-up,297,69,74,305
l-up,295,70,74,305
l-up,295,71,74,305
l-up,295,72,75,305
l-up,295,72,76,304
l-up,295,70,76,305
l-up,297,69,77,305
l-up,297,67,76,305
l-up,297,68,75,305
l-up,299,67,73,306
l-up,298,67,74,306
l-up,298,67,74,306
l-up,299,67,74,306
l-up,299,66,75,305
l-up,299,67,76,304
l-up,299,66,75,305
l-up,298,67,75,305
l-up,298,67,75,304
l-up,298,67,74,305
l-up,298,67,74,305
l-up,299,66,75,304
l-up,298,67,74,304
l-up,298,67,75,303
l-up,298,66,75,303
l-up,298,66,74,303
l-up,298,66,75,302
l-up,297,67,76,302
l-up,298,67,77,301
l-up,299,67,76,302
l-up,298,67,77,301
l-up,299,68,77,301
l-up,299,67,78,300
l-up,299,67,77,300
l-up,299,67,77,300
l-up,299,67,78,300
l-up,298,67,78,300
l-up,298,65,78,300
l-up,298,64,79,300
l-up,300,64,79,299
l-up,301,63,78,300
l-up,301,63,78,303
l-up,299,66,79,301
l-up,299,66,78,302
l-up,298,66,77,302
l-up,298,65,78,301
l-up,298,66,79,300
l-up,296,67,78,299
l-up,293,68,78,298
l-up,44,340,82,297
l-up,74,311,42,297
l-up,333,62,73,295
l-up,293,68,77,295
l-up,290,67,77,296
l-up,290,67,77,295
l-up,354,24,77,293
l-up,84,283,307,52
l-up,31,341,43,305
l-up,355,16,76,294
l-up,321,67,79,290
l-up,285,69,80,289
l-up,284,69,79,289
l-up,287,69,79,290
l-up,287,68,77,290
l-up,287,70,79,290
l-up,286,70,78,290
l-up,287,69,78,291
l-up,287,69,79,291
l-up,287,69,81,290
l-up,285,70,82,289
l-up,286,69,83,288
l-up,286,69,83,286
l-up,286,69,83,286
l-up,283,70,84,283
l-up,282,68,84,283
l-up,281,68,84,283
l-up,282,67,84,284
l-up,283,67,85,283
l-up,284,66,86,284
l-up,286,65,85,285
l-up,286,65,85,284
l-up,286,65,86,283
l-up,286,65,87,283
l-up,285,65,86,283
l-up,285,64,86,284
l-up,284,66,87,284
l-up,283,66,86,283
l-up,282,68,85,282
l-up,281,70,86,281
l-up,280,69,85,280
l-up,281,68,85,280
l-up,281,67,84,281
l-up,281,66,85,282
l-up,280,67,84,282
l-up,279,66,84,281
l-up,279,66,83,282
l-up,279,65,83,282
l-up,280,65,83,283
l-up,281,65,81,283
l-up,282,64,79,285
l-up,282,63,78,285
l-up,283,63,78,286
l-up,281,64,78,286
l-up,279,66,79,285
l-up,280,65,79,285
l-up,279,65,80,285
l-up,280,65,80,284
l-up,281,66,79,284
l-up,282,66,79,284
l-up,281,65,78,285
l-up,281,65,78,285
l-up,281,65,80,285
l-up,281,65,81,284
l-up,281,64,80,284
l-up,280,66,81,282
l-up,282,64,79,283
l-up,282,64,79,282
l-up,283,63,79,283
l-up,283,63,79,282
l-up,284,62,78,283
l-up,284,62,78,283
l-up,284,62,76,284
l-up,284,62,75,284
l-up,282,62,75,284
l-up,282,61,75,284
l-up,282,60,73,286
l-up,282,59,72,286
l-up,283,59,72,286
l-up,281,59,72,285
l-up,281,58,72,284
l-up,281,58,73,282
l-up,282,57,73,282
l-up,283,57,73,283
l-up,284,57,72,283
l-up,286,57,72,282
l-up,285,58,73,283
l-up,284,58,72,282
l-up,285,58,71,282
l-up,285,57,70,282
l-up,285,57,69,282
l-up,285,57,70,282
l-up,287,57,69,282
l-up,288,56,68,283
l-up,288,55,67,284
l-up,288,55,65,284
l-up,290,54,64,285
l-up,291,54,63,285
l-up,290,54,63,285
l-up,291,53,62,286
l-up,292,52,62,286
l-up,292,53,62,286
l-up,293,53,63,286
l-up,293,53,62,286
l-up,293,53,62,287
l-up,293,53,61,287
l-up,295,52,62,288
l-up,294,53,61,288
l-up,294,52,62,289
l-up,294,52,62,289
l-up,293,52,62,289
l-up,293,52,62,289
l-up,292,53,62,289
l-up,292,53,63,290
l-up,292,52,63,289
l-up,292,53,63,289
l-up,291,53,63,289
l-up,291,53,63,289
l-up,291,53,62,290
l-up,291,53,63,289
l-up,290,53,62,290
l-up,290,53,62,290
l-up,290,53,62,290
l-up,291,52,63,290
l-up,291,52,63,290
l-up,291,52,63,290
l-up,291,52,62,290
l-up,291,52,62,290
l-up,291,52,62,290
l-up,292,51,62,291
l-up,292,51,62,291
l-up,292,51,63,290
l-up,292,51,63,291
l-up,292,51,63,291
l-up,292,51,63,291
l-up,292,51,63,291
l-up,291,51,63,291
l-up,291,51,63,291
l-up,291,50,63,291
l-up,290,51,63,291
left,168,266,174,26
left,171,267,169,27
left,169,267,173,26
left,132,19,176,265
left,180,267,168,26
left,184,324,175,262
left,178,24,172,260
left,194,305,201,263
left,188,262,195,358
left,185,266,194,335
left,184,259,188,5
left,195,267,260,289
left,190,259,199,358
left,198,320,172,265
left,140,18,175,259
left,182,285,205,306
left,166,267,200,330
left,195,314,171,266
left,178,23,172,262
left,177,23,172,262
left,178,24,172,262
left,178,23,172,263
left,179,22,171,263
left,179,22,171,263
left,178,22,172,263
left,180,22,172,264
left,180,22,172,264
left,183,20,171,266
left,158,275,180,315
left,169,256,175,31
left,171,258,173,32
left,138,21,164,272
left,189,288,188,307
left,210,326,168,268
left,177,25,168,265
left,176,26,169,265
left,178,25,170,265
left,176,25,171,265
left,177,24,171,265
left,181,22,171,265
left,180,22,171,265
left,180,22,172,264
left,180,22,171,264
left,179,22,171,263
left,179,21,173,261
left,182,21,174,260
left,180,21,175,261
left,181,22,173,261
left,182,20,173,262
left,182,19,174,262
left,182,20,175,261
left,184,19,173,262
left,183,20,173,261
left,184,20,172,261
left,183,21,172,261
left,183,21,171,261
left,183,21,170,262
left,181,22,168,264
left,183,21,167,264
left,182,22,166,264
left,182,22,168,262
left,181,21,167,263
left,178,21,165,263
left,179,21,165,262
left,182,20,167,262
left,181,20,168,262
left,182,20,170,259
left,182,21,170,260
left,182,21,173,257
left,183,21,175,256
left,183,21,172,257
left,185,20,170,259
left,185,20,169,259
left,185,19,168,259
left,185,20,167,259
left,186,20,167,259
left,186,20,169,258
left,186,20,170,257
left,186,20,169,257
left,186,20,168,258
left,186,20,169,257
left,186,19,170,256
left,186,19,171,256
left,185,20,172,256
left,186,20,171,255
left,185,21,171,257
left,186,20,171,256
left,187,19,170,257
left,188,19,169,257
left,189,18,169,258
left,188,18,170,257
left,189,17,171,257
left,189,17,170,257
left,189,17,169,258
left,190,16,169,258
left,188,16,169,257
left,190,16,170,256
left,190,16,171,255
left,189,17,171,255
left,188,18,171,255
left,189,17,171,254
left,187,18,172,253
left,186,18,172,253
left,186,18,172,254
left,186,18,171,254
left,186,18,171,254
left,186,18,171,254
left,186,18,171,254
left,186,18,171,254
left,185,18,171,254
left,186,18,171,254
left,186,18,171,254
left,186,18,172,253
left,185,18,172,253
left,185,18,172,254
left,186,18,171,254
left,185,18,171,254
left,182,19,173,253
left,181,19,173,252
left,180,19,173,252
left,182,18,174,252
left,181,19,174,252
left,183,19,174,253
left,183,19,173,253
left,184,18,173,253
left,184,18,173,253
left,185,18,173,253
left,185,17,172,254
left,188,17,173,255
left,189,16,172,255
left,189,16,173,254
left,190,16,173,255
left,189,17,171,256
left,190,16,171,256
left,188,17,170,257
left,190,17,170,257
left,188,18,173,254
left,186,19,173,254
left,185,19,172,255
left,183,20,173,256
left,184,20,173,256
left,182,21,173,257
left,183,21,173,257
left,182,20,172,258
left,183,20,172,259
left,184,18,173,259
left,184,18,172,258
left,183,19,175,256
left,183,20,176,255
left,183,19,174,257
left,185,19,173,258
left,187,17,170,260
left,186,17,169,261
left,188,16,169,262
left,187,16,170,262
left,185,17,171,262
left,184,18,172,262
left,180,20,175,260
left,179,21,175,260
left,178,22,175,261
left,177,23,176,260
left,178,24,177,259
left,180,23,179,259
left,180,23,179,259
left,180,23,179,259
left,180,22,178,260
left,180,22,179,259
left,180,22,179,259
left,179,23,180,260
left,181,22,180,261
left,183,21,180,261
left,184,20,180,261
left,184,21,178,261
left,182,21,175,263
left,182,21,174,263
left,181,21,173,263
left,182,22,172,263
left,196,345,172,262
left,206,316,173,271
left,189,9,171,268
left,179,21,171,266
left,177,23,172,264
left,154,276,186,330
left,168,262,174,26
left,168,263,173,28
left,168,267,174,28
left,169,265,164,33
left,168,261,175,29
left,168,264,176,27
left,166,266,175,30
left,167,266,181,27
left,166,266,179,28
left,183,21,167,268
left,181,23,168,265
left,181,23,168,265
left,175,345,168,272
left,192,319,169,267
left,181,21,168,266
left,144,22,168,266
left,176,24,168,268
left,180,23,169,269
left,178,24,169,269
left,178,24,169,270
left,177,24,168,271
left,178,24,168,270
left,198,318,170,268
left,190,280,171,306
left,187,287,163,298
left,175,20,166,278
left,176,23,166,274
left,182,286,218,275
left,187,285,173,274
left,190,288,167,275
left,174,21,167,273
left,173,24,168,272
left,174,23,168,271
left,149,18,168,270
left,163,8,169,269
left,192,333,170,267
left,178,20,170,268
left,195,333,171,268
left,175,22,171,268
left,181,19,171,268
left,193,308,169,271
left,170,20,171,271
left,168,269,178,22
left,177,18,168,292
left,176,22,169,278
left,175,19,169,273
left,173,21,170,274
left,174,21,170,273
left,174,19,170,272
left,174,19,170,272
left,173,20,171,272
left,173,20,170,272
left,175,19,170,272
left,177,19,170,272
left,178,18,170,273
left,176,18,170,273
left,173,19,169,274
left,173,19,170,274
left,173,19,171,273
left,173,19,169,274
left,173,19,170,274
left,174,18,170,275
left,177,18,168,277
left,176,18,168,277
left,175,18,167,278
left,175,18,165,281
left,176,18,164,282
left,176,18,164,282
left,176,17,165,281
left,176,17,165,281
left,176,18,165,280
left,175,17,165,279
left,174,18,164,280
left,175,18,165,279
left,174,18,163,280
left,173,19,163,281
left,173,19,164,281
left,172,19,165,280
left,171,20,162,282
left,172,20,159,284
left,171,20,159,285
left,170,20,160,284
left,170,20,160,284
left,170,20,160,284
left,170,21,159,285
left,170,21,159,285
left,169,21,159,285
left,169,21,160,284
left,168,21,160,283
left,170,21,160,284
left,171,21,159,284
left,171,21,158,285
left,171,21,159,285
left,172,20,160,284
left,171,21,160,284
left,171,21,160,284
left,171,21,159,285
left,170,21,159,285
left,170,21,160,284
left,170,21,160,284
left,169,21,161,283
left,170,21,161,283
left,170,21,162,282
left,171,21,163,281
left,171,21,162,281
left,169,21,161,281
left,170,21,163,280
left,169,21,163,281
left,169,21,162,282
left,169,21,161,283
left,168,21,160,283
left,168,21,159,284
left,168,21,159,284
left,168,21,159,284
overhead,169,18,196,342
overhead,165,19,208,336
overhead,172,13,184,352
overhead,176,184,182,356
overhead,202,167,173,354
overhead,233,139,115,238
overhead,233,145,73,279
overhead,218,154,121,206
overhead,252,140,55,256
overhead,247,149,21,289
overhead,248,151,65,282
overhead,214,160,162,209
overhead,213,159,170,203
overhead,201,162,165,200
overhead,201,160,170,201
overhead,203,158,163,207
overhead,200,159,99,231
overhead,198,162,350,274
overhead,199,162,62,245
overhead,201,161,262,318
overhead,200,162,167,197
overhead,200,162,173,197
overhead,197,163,179,200
overhead,197,163,167,199
overhead,194,161,162,200
overhead,194,162,160,201
overhead,194,162,161,201
overhead,195,162,162,199
overhead,195,160,164,198
overhead,191,163,151,200
overhead,191,162,143,201
overhead,191,161,224,320
overhead,190,162,49,210
overhead,190,161,223,198
overhead,190,161,169,193
overhead,190,160,168,192
overhead,191,158,166,196
overhead,192,157,187,336
overhead,194,156,183,323
overhead,195,156,184,338
overhead,196,156,183,339
overhead,197,157,185,338
overhead,197,157,184,334
overhead,198,157,171,192
overhead,199,156,168,192
overhead,198,156,165,194
overhead,198,156,169,190
overhead,198,156,173,193
overhead,198,156,173,186
overhead,196,155,203,180
overhead,196,155,177,6
overhead,184,161,170,173
overhead,181,162,168,174
overhead,180,163,166,174
overhead,182,160,169,172
overhead,182,159,169,172
overhead,180,161,174,170
overhead,180,160,173,171
overhead,181,160,173,171
overhead,180,161,174,171
overhead,182,159,176,169
overhead,184,157,177,168
overhead,185,157,181,165
overhead,183,158,184,163
overhead,181,160,192,159
overhead,182,160,190,160
overhead,181,160,189,160
overhead,181,160,190,160
overhead,180,161,191,160
overhead,207,155,158,194
overhead,197,164,164,199
overhead,151,200,143,177
overhead,181,166,245,166
overhead,162,179,169,181
overhead,155,182,157,179
overhead,170,171,150,181
overhead,165,154,156,195
overhead,172,158,181,206
overhead,178,152,178,210
overhead,176,150,174,214
overhead,171,215,174,154
overhead,172,184,164,191
overhead,175,207,180,151
overhead,171,208,183,152
overhead,172,206,184,155
overhead,171,207,184,155
overhead,169,206,185,156
overhead,166,206,189,156
overhead,161,207,196,156
overhead,161,206,197,157
overhead,159,204,195,158
overhead,156,204,197,160
overhead,140,204,207,158
overhead,140,197,205,160
overhead,176,180,110,220
overhead,187,179,158,185
overhead,170,197,134,183
overhead,159,204,184,164
overhead,156,204,180,184
overhead,155,207,187,166
overhead,159,206,183,165
overhead,160,206,184,163
overhead,161,204,179,186
overhead,166,192,171,194
overhead,150,201,173,182
overhead,186,146,179,209
overhead,187,144,177,211
overhead,189,145,178,211
overhead,191,145,176,211
overhead,194,143,176,212
overhead,220,146,172,212
overhead,199,150,171,209
overhead,213,153,163,204
overhead,153,201,183,180
overhead,234,151,135,202
overhead,224,186,117,214
overhead,195,187,127,215
overhead,234,167,130,207
overhead,233,165,131,206
overhead,229,165,133,204
overhead,225,164,137,203
overhead,226,161,141,203
overhead,223,162,144,204
overhead,211,158,159,204
overhead,165,173,202,183
overhead,177,179,181,185
overhead,196,153,180,206
overhead,196,154,171,212
overhead,178,181,174,189
overhead,185,154,205,197
overhead,187,153,187,208
overhead,165,193,172,182
overhead,180,158,177,214
overhead,185,156,175,217
overhead,185,156,172,220
overhead,186,156,169,222
overhead,189,154,167,223
overhead,190,155,166,223
overhead,193,154,167,222
overhead,195,154,166,222
overhead,198,156,165,221
overhead,201,157,164,220
overhead,206,157,193,205
overhead,208,158,179,209
overhead,214,158,175,210
overhead,217,161,168,211
overhead,218,161,163,211
overhead,220,162,153,214
overhead,222,162,147,215
overhead,223,164,142,215
overhead,226,164,141,215
overhead,227,165,140,214
overhead,228,165,140,214
overhead,227,165,139,214
overhead,226,165,140,213
overhead,224,166,140,212
overhead,222,167,141,213
overhead,222,166,143,214
overhead,220,166,147,213
overhead,214,166,151,214
overhead,211,165,154,214
overhead,208,164,158,214
overhead,204,163,160,215
overhead,194,162,168,216
overhead,192,161,172,218
overhead,190,160,174,219
overhead,189,159,175,221
overhead,189,159,176,222
overhead,189,158,176,223
overhead,190,158,174,225
overhead,192,158,175,225
overhead,193,158,174,224
overhead,194,158,174,224
overhead,194,159,172,225
overhead,194,161,171,224
overhead,196,162,171,223
overhead,197,163,171,222
overhead,200,164,169,221
overhead,203,165,169,218
overhead,205,166,163,218
overhead,208,166,159,216
overhead,216,163,155,216
overhead,221,161,152,215
overhead,225,162,148,215
overhead,228,162,144,216
overhead,231,162,138,219
overhead,234,162,134,219
overhead,237,161,127,220
overhead,237,162,125,219
overhead,238,162,123,217
overhead,239,160,123,216
overhead,237,162,123,215
overhead,236,162,123,215
overhead,233,162,127,214
overhead,231,163,130,215
overhead,230,162,136,214
overhead,230,161,140,213
overhead,231,159,144,214
overhead,229,157,147,214
overhead,225,157,151,214
overhead,219,155,154,214
overhead,184,182,155,220
overhead,218,154,141,218
overhead,136,197,180,189
overhead,130,198,214,168
overhead,111,220,175,161
overhead,99,209,188,180
overhead,185,150,174,218
overhead,180,154,180,196
overhead,191,148,172,217
overhead,194,146,169,219
overhead,197,146,169,216
overhead,199,147,169,214
overhead,204,146,166,215
overhead,207,144,165,213
overhead,158,206,187,159
overhead,150,215,177,186
overhead,236,152,99,227
overhead,187,173,111,219
overhead,149,206,208,156
overhead,163,202,174,189
overhead,212,140,150,219
overhead,195,158,120,211
overhead,195,145,150,215
overhead,197,143,155,214
overhead,196,143,159,215
overhead,216,142,169,194
overhead,196,141,170,213
overhead,164,219,184,150
overhead,166,215,192,147
overhead,163,216,189,148
overhead,169,211,190,147
overhead,167,211,190,148
overhead,166,212,191,148
overhead,163,210,190,148
overhead,166,209,194,146
overhead,162,210,196,147
overhead,161,210,198,147
overhead,159,208,199,148
overhead,156,207,240,145
overhead,156,205,226,145
overhead,158,202,222,148
overhead,156,202,219,148
overhead,150,201,221,148
overhead,143,201,211,153
overhead,139,201,216,152
overhead,134,202,212,157
overhead,131,201,143,187
overhead,142,197,132,190
overhead,136,197,138,187
overhead,161,170,121,219
overhead,234,142,122,206
overhead,142,187,132,185
overhead,129,194,141,176
overhead,128,195,218,142
overhead,128,198,218,147
overhead,135,197,171,167
overhead,135,201,199,151
overhead,140,199,211,144
overhead,146,199,204,147
overhead,150,198,207,144
overhead,152,201,205,145
overhead,154,200,200,146
overhead,155,202,199,145
overhead,160,201,202,141
overhead,162,202,205,135
overhead,165,203,201,135
overhead,165,205,205,131
overhead,169,205,203,131
overhead,170,204,202,130
overhead,170,204,181,139
overhead,172,195,182,173
overhead,175,187,179,186
overhead,196,132,165,212
overhead,202,131,164,212
overhead,203,132,163,211
overhead,148,231,173,172
overhead,194,139,163,209
overhead,185,166,138,203
overhead,229,145,159,202
overhead,216,136,160,200
overhead,219,135,157,200
overhead,223,135,156,198
overhead,229,132,157,194
overhead,230,134,156,192
overhead,235,134,149,192
overhead,236,135,142,191
overhead,239,135,136,192
overhead,238,137,132,193
overhead,241,136,131,193
overhead,242,136,132,194
overhead,245,135,132,193
overhead,245,135,133,192
overhead,246,134,133,192
overhead,245,132,135,190
overhead,244,132,136,191
overhead,240,131,138,190
overhead,234,130,140,191
overhead,226,131,142,192
overhead,222,131,146,193
overhead,217,129,152,193
overhead,211,126,157,194
overhead,210,126,160,195
overhead,207,126,162,195
overhead,206,124,167,194
overhead,206,122,169,195
overhead,205,121,171,195
overhead,209,113,171,199
overhead,206,112,173,198
overhead,207,110,175,199
overhead,184,119,177,199
overhead,184,128,173,204
overhead,192,117,173,205
overhead,195,114,173,205
overhead,194,113,171,205
overhead,197,113,170,206
overhead,198,114,170,204
overhead,200,114,169,203
overhead,202,115,168,201
overhead,204,118,165,202
overhead,184,169,164,206
overhead,191,164,162,209
overhead,217,120,149,229
overhead,205,132,158,222
overhead,205,134,160,220
overhead,201,138,161,217
overhead,199,142,164,214
overhead,206,142,161,212
overhead,211,144,159,209
overhead,212,146,156,206
overhead,208,151,156,204
overhead,205,158,152,202
overhead,203,162,150,201
overhead,200,167,147,199
overhead,198,170,149,197
overhead,200,172,148,196
overhead,199,173,150,195
overhead,197,173,151,194
overhead,195,173,153,194
overhead,196,172,154,196
overhead,192,171,151,198
overhead,187,169,156,199
overhead,184,165,161,200
overhead,186,158,166,201
overhead,187,155,172,202
overhead,189,151,175,205
overhead,188,149,175,209
overhead,185,147,176,212
overhead,185,144,175,214
overhead,184,142,174,216
overhead,183,141,175,217
overhead,183,140,176,217
overhead,183,140,177,217
overhead,183,140,175,218
overhead,184,139,175,217
overhead,185,139,177,215
overhead,183,143,177,213
overhead,188,145,176,210
overhead,187,150,171,209
overhead,186,155,169,206
overhead,187,158,166,204
overhead,190,161,164,201
overhead,189,167,162,199
overhead,191,170,159,198
overhead,192,173,160,195
overhead,195,174,157,194
overhead,193,176,157,193
overhead,194,176,157,193
overhead,192,176,159,193
overhead,190,176,159,194
overhead,194,170,159,195
overhead,194,166,159,198
overhead,190,161,166,198
overhead,190,156,170,200
overhead,191,153,175,201
overhead,189,149,176,205
overhead,187,147,174,210
overhead,183,145,172,214
overhead,184,141,172,216
overhead,182,138,170,219
overhead,181,137,171,219
overhead,182,135,171,219
overhead,183,135,169,220
overhead,185,134,168,221
overhead,187,135,170,220
overhead,191,136,170,217
overhead,189,139,171,212
overhead,192,141,165,209
overhead,200,144,165,204
overhead,202,148,162,200
overhead,202,153,160,196
overhead,206,155,158,192
overhead,209,158,156,190
overhead,209,161,155,189
overhead,209,164,156,187
overhead,204,168,156,187
overhead,201,170,156,188
overhead,204,168,157,189
overhead,204,166,156,192
overhead,202,162,157,193
overhead,198,159,156,195
overhead,196,156,158,199
overhead,194,153,163,204
overhead,190,148,170,206
overhead,191,143,176,208
overhead,191,139,175,211
overhead,188,136,175,215
overhead,187,133,180,215
overhead,187,130,179,219
overhead,186,128,179,221
overhead,186,128,177,223
overhead,187,128,177,223
overhead,187,130,179,224
overhead,190,131,178,222
overhead,190,133,178,218
overhead,191,136,178,214
overhead,193,138,175,209
overhead,194,140,172,206
overhead,194,144,166,204
overhead,200,147,163,200
overhead,203,150,157,198
overhead,206,152,155,195
overhead,206,155,155,192
overhead,209,157,154,190
overhead,208,160,157,188
overhead,205,163,159,188
overhead,202,166,160,188
overhead,204,164,161,188
overhead,200,163,161,190
overhead,195,163,162,194
overhead,192,156,164,194
overhead,192,155,162,196
overhead,187,153,164,201
overhead,188,148,173,203
overhead,188,145,176,206
overhead,190,140,177,209
overhead,188,138,176,213
overhead,188,133,178,216
overhead,188,130,177,218
overhead,189,127,178,219
overhead,187,125,180,219
overhead,186,124,180,220
overhead,185,123,179,220
overhead,187,121,179,221
overhead,187,122,177,223
overhead,188,122,177,221
overhead,186,125,175,222
overhead,190,125,173,220
overhead,190,130,173,218
overhead,188,136,173,216
overhead,187,140,175,210
overhead,187,143,179,204
overhead,189,147,180,199
overhead,189,150,177,196
overhead,192,150,177,190
overhead,196,151,174,186
overhead,201,155,174,182
overhead,200,163,175,179
overhead,200,165,176,176
overhead,200,167,175,174
overhead,198,171,174,174
overhead,198,172,170,176
overhead,195,175,168,175
overhead,193,175,169,175
overhead,193,173,170,177
overhead,193,171,170,180
overhead,192,168,171,182
overhead,193,165,171,185
overhead,191,163,169,189
overhead,190,160,173,191
overhead,191,155,177,196
overhead,193,150,175,201
overhead,193,147,173,205
overhead,194,142,172,209
overhead,195,138,175,209
overhead,190,139,174,212
overhead,188,136,174,212
overhead,185,134,176,212
overhead,182,133,177,213
overhead,180,133,178,213
overhead,178,133,176,216
overhead,179,132,176,217
overhead,178,133,175,218
overhead,181,134,176,217
overhead,181,135,176,215
overhead,181,138,180,210
overhead,182,143,180,208
overhead,184,146,181,205
overhead,182,151,182,203
overhead,182,154,185,199
overhead,180,159,186,197
overhead,184,161,187,193
overhead,187,165,182,192
overhead,186,172,179,189
overhead,188,174,176,188
overhead,185,179,176,183
overhead,185,182,176,181
overhead,181,186,176,181
overhead,185,185,175,179
overhead,183,187,174,180
overhead,181,186,170,182
overhead,181,184,171,184
overhead,181,182,172,187
overhead,185,176,171,189
overhead,188,172,173,191
overhead,179,170,177,194
overhead,179,164,179,197
overhead,177,160,179,202
overhead,178,155,181,203
overhead,180,151,180,207
overhead,186,145,182,208
overhead,184,143,183,208
overhead,181,141,182,211
overhead,181,138,182,213
overhead,180,136,182,214
overhead,180,134,181,217
overhead,178,135,181,218
overhead,179,134,181,218
overhead,179,135,180,219
overhead,179,134,177,219
overhead,178,136,175,219
overhead,178,138,176,219
overhead,178,141,179,216
overhead,182,142,178,213
overhead,185,146,177,211
overhead,186,149,178,207
overhead,186,155,178,203
overhead,186,159,175,200
overhead,187,161,170,198
overhead,188,165,168,195
overhead,192,167,166,192
overhead,193,170,165,190
overhead,195,172,165,187
overhead,193,175,168,185
overhead,191,176,170,183
overhead,190,176,171,183
overhead,187,177,171,185
overhead,195,173,168,189
overhead,193,168,167,191
overhead,190,164,169,192
overhead,189,160,173,195
overhead,159,31,98,254
overhead,172,24,199,340
overhead,173,14,217,339
overhead,178,15,206,347
overhead,271,148,218,348
overhead,213,159,147,203
overhead,187,163,165,198
overhead,187,165,168,198
overhead,191,165,164,197
overhead,194,164,165,194
overhead,186,167,168,194
overhead,184,168,169,195
overhead,185,168,165,197
overhead,186,168,163,197
overhead,188,168,163,196
overhead,187,168,163,197
overhead,188,168,163,197
overhead,188,169,162,197
overhead,189,168,162,198
overhead,190,167,163,197
overhead,193,164,163,196
overhead,191,163,163,196
overhead,192,161,164,196
overhead,192,162,164,196
overhead,193,162,163,196
overhead,193,163,162,197
overhead,192,164,162,197
overhead,193,164,162,197
overhead,190,165,164,196
overhead,189,166,163,196
overhead,184,167,164,194
overhead,181,168,168,193
overhead,179,169,170,192
overhead,179,169,166,197
overhead,178,170,166,199
overhead,178,171,166,198
overhead,178,171,167,198
overhead,178,172,166,198
overhead,182,171,166,198
overhead,183,171,166,198
overhead,184,173,164,200
overhead,185,173,163,201
overhead,185,173,162,201
overhead,186,173,162,200
overhead,185,173,161,200
overhead,184,173,163,198
overhead,185,173,166,198
overhead,187,172,167,198
overhead,186,172,166,198
overhead,185,172,164,199
overhead,186,172,164,197
overhead,184,172,163,198
overhead,184,171,163,197
overhead,184,171,163,197
overhead,184,170,163,198
overhead,185,167,162,197
overhead,185,167,163,197
overhead,184,167,163,197
overhead,185,167,163,197
overhead,186,165,163,196
overhead,187,165,164,196
overhead,187,164,164,197
overhead,188,163,165,196
overhead,187,164,164,196
overhead,188,163,165,196
overhead,189,163,164,195
overhead,191,162,164,195
overhead,192,161,163,195
overhead,194,160,162,195
overhead,194,160,161,195
overhead,193,159,162,195
overhead,194,158,163,194
overhead,193,158,164,194
overhead,191,158,164,194
overhead,190,159,164,195
overhead,193,157,163,197
overhead,194,156,163,196
overhead,193,158,162,197
overhead,193,158,162,197
overhead,194,158,160,197
overhead,196,156,161,197
overhead,197,155,161,196
overhead,194,156,160,198
overhead,189,158,164,197
overhead,189,158,164,197
overhead,188,161,163,197
overhead,188,160,164,196
overhead,187,161,165,195
overhead,191,159,167,195
overhead,195,155,173,193
overhead,196,155,171,193
overhead,192,157,170,195
overhead,190,161,170,194
overhead,191,160,168,194
overhead,192,160,165,195
overhead,191,160,165,194
overhead,191,161,164,194
overhead,189,163,163,194
overhead,190,163,162,195
overhead,189,164,162,195
overhead,187,166,163,194
overhead,186,167,164,194
overhead,185,169,165,195
overhead,185,170,163,196
overhead,184,170,160,197
overhead,184,170,160,197
overhead,185,168,160,197
overhead,188,164,162,196
overhead,188,163,163,196
overhead,187,164,163,196
overhead,186,164,163,196
overhead,188,164,162,196
overhead,188,163,163,196
overhead,189,162,165,195
overhead,190,161,166,194
overhead,190,161,164,195
overhead,192,160,163,196
overhead,190,161,162,197
overhead,189,160,162,198
overhead,191,161,157,200
overhead,193,160,156,201
overhead,194,161,157,201
overhead,193,161,157,201
overhead,193,162,158,201
overhead,191,164,156,202
overhead,191,164,154,203
overhead,191,164,153,204
overhead,192,163,152,204
overhead,192,163,154,204
overhead,192,163,154,204
overhead,191,163,157,203
overhead,193,162,158,203
overhead,193,162,162,201
overhead,194,163,165,199
overhead,195,163,168,197
overhead,194,165,169,197
overhead,194,165,168,198
overhead,193,166,168,199
overhead,195,167,169,199
overhead,195,168,170,199
overhead,196,169,169,199
overhead,197,167,169,197
overhead,198,167,165,198
overhead,198,167,166,198
overhead,199,166,168,197
overhead,200,165,169,196
overhead,199,166,168,196
overhead,199,167,167,197
overhead,199,166,167,197
overhead,199,166,167,197
overhead,198,166,167,197
overhead,198,166,163,198
overhead,197,167,161,199
overhead,198,166,162,198
overhead,201,164,164,198
overhead,200,164,164,198
overhead,199,166,164,199
overhead,198,167,164,201
overhead,196,169,165,200
overhead,195,170,167,200
overhead,193,172,164,204
overhead,194,171,163,203
overhead,196,169,164,203
overhead,196,170,164,202
overhead,195,171,165,201
overhead,193,172,165,201
overhead,192,172,166,201
overhead,194,172,172,198
overhead,194,172,173,199
overhead,196,170,173,200
overhead,194,171,172,202
overhead,196,171,171,202
overhead,195,171,168,202
overhead,197,171,167,203
overhead,196,172,165,206
overhead,196,172,165,205
overhead,194,172,164,206
overhead,196,172,165,204
overhead,196,171,163,205
overhead,196,172,163,205
overhead,196,171,163,205
overhead,192,173,164,206
overhead,189,174,164,206
overhead,189,173,167,208
overhead,189,174,167,208
overhead,193,170,166,208
overhead,192,170,165,208
overhead,194,170,165,208
overhead,194,170,167,207
overhead,195,170,166,207
overhead,194,171,167,206
overhead,82,336,165,210
overhead,187,205,162,213
overhead,199,189,161,213
overhead,183,218,192,219
overhead,185,198,175,209
overhead,173,201,172,207
overhead,177,199,170,206
overhead,184,195,169,206
overhead,205,194,168,207
overhead,209,184,167,207
overhead,193,186,169,206
overhead,190,187,170,206
overhead,189,187,171,206
overhead,189,187,171,207
overhead,190,187,170,208
overhead,190,188,171,208
overhead,191,187,171,208
overhead,190,187,171,208
overhead,190,188,171,208
overhead,191,188,169,210
overhead,193,188,167,209
overhead,193,189,166,209
overhead,191,189,166,209
overhead,192,188,166,208
overhead,192,187,167,207
overhead,192,185,168,207
overhead,191,184,168,205
overhead,192,183,168,203
overhead,194,182,164,205
overhead,196,180,163,206
overhead,204,180,166,206
overhead,175,359,166,209
overhead,183,354,167,208
overhead,185,354,169,210
overhead,199,346,166,213
overhead,196,349,167,211
overhead,196,340,170,211
overhead,201,344,170,210
overhead,194,348,172,210
overhead,188,351,172,210
overhead,187,352,169,212
overhead,189,352,166,213
overhead,193,349,165,212
overhead,190,350,167,212
overhead,186,359,176,207
overhead,179,1,173,207
overhead,179,2,172,208
overhead,169,8,174,207
overhead,210,166,174,207
overhead,330,67,177,205
overhead,194,186,175,207
overhead,165,207,176,207
overhead,174,208,176,206
overhead,191,344,177,207
overhead,172,1,174,207
overhead,155,244,179,207
overhead,249,133,172,208
overhead,170,10,169,209
overhead,165,5,172,208
overhead,202,165,170,208
overhead,221,152,169,208
overhead,197,167,168,207
overhead,210,160,168,206
overhead,53,51,168,206
overhead,221,148,167,206
overhead,263,106,167,207
overhead,234,135,166,206
overhead,227,141,167,205
overhead,198,165,167,207
overhead,199,168,167,208
right,166,21,183,0
right,180,13,197,354
right,180,14,212,351
right,170,15,214,353
right,176,17,188,7
right,180,12,189,7
right,181,8,181,8
right,183,8,188,1
right,211,27,184,2
right,211,55,270,27
right,193,73,200,73
right,196,77,182,78
right,226,19,192,72
right,192,6,193,76
right,183,346,189,86
right,185,348,193,89
right,194,84,192,336
right,187,94,191,334
right,189,96,187,336
right,190,94,186,338
right,192,93,185,339
right,190,93,183,339
right,190,95,183,339
right,189,95,181,340
right,190,95,180,338
right,190,95,181,338
right,189,96,183,338
right,188,97,183,338
right,187,97,185,337
right,188,96,185,337
right,188,96,186,338
right,187,96,185,338
right,186,96,185,338
right,186,97,189,336
right,185,97,187,337
right,185,97,186,336
right,185,96,185,337
right,188,95,184,338
right,189,94,185,338
right,190,93,184,339
right,190,93,186,338
right,190,94,184,339
right,189,95,182,339
right,190,94,180,340
right,190,94,179,341
right,190,94,178,341
right,188,95,178,341
right,190,94,176,341
right,188,95,176,342
right,185,97,175,342
right,183,97,175,342
right,183,97,174,343
right,185,96,173,343
right,186,95,174,343
right,188,93,173,342
right,190,93,172,343
right,190,93,173,343
right,191,93,173,342
right,191,93,173,342
right,191,94,173,342
right,190,94,172,343
right,189,95,171,343
right,189,94,169,343
right,190,94,167,344
right,190,94,168,343
right,190,94,170,343
right,189,94,169,344
right,190,94,169,344
right,189,93,171,344
right,187,93,173,343
right,187,92,174,343
right,186,93,175,342
right,187,93,180,340
right,186,93,180,340
right,184,94,181,340
right,184,94,182,340
right,183,95,181,340
right,184,94,182,339
right,184,95,186,337
right,185,96,188,337
right,186,96,188,337
right,187,95,188,337
right,187,95,184,338
right,187,96,185,336
right,187,96,184,336
right,186,97,182,337
right,186,98,184,335
right,200,60,158,39
right,192,332,190,92
right,189,334,190,93
right,194,80,198,327
right,189,87,191,333
right,188,87,188,335
right,188,87,185,337
right,189,87,189,336
right,188,88,191,334
right,187,89,188,336
right,186,89,189,336
right,186,89,187,338
right,185,89,188,337
right,184,90,188,337
right,185,90,189,336
right,185,91,190,336
right,185,90,191,336
right,185,89,190,336
right,186,88,190,336
right,186,88,190,336
right,186,87,189,336
right,186,88,190,336
right,185,88,189,337
right,183,90,189,337
right,183,89,189,337
right,183,90,189,336
right,183,90,190,335
right,183,90,190,335
right,182,90,189,336
right,182,90,191,335
right,183,89,193,334
right,183,89,194,334
right,183,89,195,334
right,182,89,195,334
right,182,89,195,335
right,182,89,194,335
right,181,90,194,336
right,181,90,194,337
right,181,90,192,338
right,183,89,191,338
right,183,88,190,338
right,183,88,192,337
right,185,87,191,338
right,186,85,191,338
right,189,83,193,338
right,192,81,191,338
right,195,78,191,338
right,197,77,190,338
right,198,76,191,338
right,200,75,190,338
right,200,75,190,338
right,201,75,191,338
right,199,75,191,337
right,198,76,192,336
right,197,76,192,337
right,197,76,192,337
right,198,75,192,337
right,196,76,192,337
right,196,76,192,337
right,195,76,193,337
right,194,77,193,337
right,192,78,193,337
right,191,78,192,338
right,191,76,191,339
right,192,75,191,339
right,192,74,191,339
right,193,74,192,339
right,194,73,191,340
right,194,73,191,339
right,194,73,194,338
right,193,73,194,338
right,192,74,195,337
right,192,73,194,337
right,193,72,196,336
right,193,72,195,337
right,192,72,194,338
right,192,72,193,338
right,193,72,193,339
right,194,71,194,338
right,194,71,195,337
right,194,72,196,337
right,195,71,196,338
right,195,70,196,338
right,195,71,194,340
right,195,71,193,341
right,196,71,194,341
right,196,71,193,341
right,197,70,195,341
right,196,70,195,341
right,196,70,196,340
right,195,70,198,339
right,196,70,201,337
right,197,70,203,336
right,198,70,203,336
right,199,70,202,337
right,199,69,202,337
right,200,69,202,337
right,200,68,203,337
right,201,68,203,337
right,201,68,203,337
right,201,68,203,337
right,201,68,204,337
right,201,68,204,337
right,201,68,205,337
right,201,69,204,338
right,202,68,204,338
right,203,68,204,338
right,202,68,203,339
right,203,67,203,339
right,202,68,204,339
right,202,69,203,339
right,202,68,203,339
right,202,68,203,339
right,202,68,202,340
right,202,69,202,340
right,201,70,202,340
right,200,70,202,340
right,200,70,202,339
right,201,70,202,339
right,200,70,203,339
right,200,71,203,339
right,200,71,202,339
right,199,71,202,339
right,199,71,202,339
right,199,72,202,339
right,198,72,203,339
right,197,72,202,339
right,196,74,203,339
right,198,73,203,339
right,198,73,202,338
right,196,73,201,339
right,195,73,200,339
right,195,75,201,339
right,192,77,202,339
right,193,76,201,339
right,194,76,200,339
right,194,77,200,339
right,194,75,200,340
right,193,77,200,339
right,193,76,199,340
right,194,76,199,340
right,191,77,197,340
right,191,76,196,341
right,191,77,196,340
right,192,77,196,340
right,190,78,195,340
right,190,78,194,341
right,191,78,194,341
right,193,78,194,342
right,194,77,193,342
right,194,77,192,342
right,192,78,194,342
right,192,79,195,341
right,191,80,194,341
right,191,80,194,341
right,190,82,194,341
right,191,82,194,341
right,192,82,193,341
right,191,82,192,341
right,194,80,192,340
right,194,80,192,340
right,193,81,192,340
right,195,80,193,339
right,195,81,193,339
right,196,79,193,339
right,195,80,193,339
right,194,81,193,338
right,194,81,193,339
right,194,81,193,339
right,193,81,193,338
right,192,81,193,339
right,190,82,193,339
right,189,82,194,338
right,189,83,193,338
right,189,83,193,338
right,188,83,192,338
right,188,84,193,337
right,188,85,194,337
right,187,85,194,337
right,187,85,194,337
right,187,85,194,337
right,188,85,194,337
right,188,85,194,338
right,188,86,193,339
right,188,86,193,339
right,187,86,193,339
right,186,87,193,339
right,186,87,193,339
right,185,87,191,339
right,185,87,192,339
right,185,87,192,339
right,185,87,190,340
right,185,88,190,340
right,184,88,191,339
right,185,88,191,339
right,185,88,191,339
right,184,88,191,339
right,184,88,190,339
right,184,89,190,340
right,186,88,190,339
right,186,88,190,339
right,186,87,190,339
right,187,87,190,339
right,187,87,190,339
right,189,86,190,339
right,189,86,191,339
right,188,87,190,339
right,188,87,191,338
right,187,87,189,339
right,187,87,189,340
right,186,87,189,339
right,186,87,188,339
right,186,87,188,339
right,187,86,188,339
right,187,86,188,339
right,186,87,189,338
right,186,87,188,338
right,186,87,187,338
right,185,88,187,337
right,185,88,189,335
right,187,88,188,335
right,187,88,189,336
right,187,88,188,336
right,187,88,189,336
right,186,88,190,335
right,186,88,190,336
stand-up,170,25,188,340
stand-up,175,19,187,341
stand-up,179,19,186,342
stand-up,180,17,184,342
stand-up,179,17,184,342
stand-up,179,18,185,341
stand-up,179,17,184,342
stand-up,179,17,183,342
stand-up,179,17,183,342
stand-up,179,17,184,341
stand-up,179,17,184,342
stand-up,179,17,183,342
stand-up,181,16,184,342
stand-up,181,16,184,342
stand-up,180,17,184,342
stand-up,179,17,184,342
stand-up,179,17,184,342
stand-up,177,17,184,342
stand-up,179,17,183,342
stand-up,178,17,182,343
stand-up,179,17,183,342
stand-up,178,17,183,342
stand-up,175,17,182,342
stand-up,176,17,182,342
stand-up,174,18,182,342
stand-up,173,18,183,342
stand-up,173,19,183,342
stand-up,173,19,183,342
stand-up,173,18,184,342
stand-up,173,18,185,342
stand-up,173,18,186,342
stand-up,174,18,186,342
stand-up,174,18,187,341
stand-up,175,17,186,342
stand-up,176,17,186,342
stand-up,177,17,185,342
stand-up,176,17,185,342
stand-up,177,17,184,343
stand-up,176,17,184,343
stand-up,177,17,183,343
stand-up,178,17,182,344
stand-up,178,16,181,344
stand-up,178,16,182,344
stand-up,178,16,182,345
stand-up,176,16,182,345
stand-up,174,17,183,345
stand-up,175,17,182,345
stand-up,175,17,183,345
stand-up,175,17,182,345
stand-up,175,16,183,345
stand-up,176,16,183,345
stand-up,174,16,184,345
stand-up,174,16,184,344
stand-up,173,17,186,344
stand-up,172,17,187,343
stand-up,171,18,186,343
stand-up,171,18,185,343
stand-up,170,19,183,344
stand-up,170,18,182,344
stand-up,169,19,180,344
stand-up,169,19,180,344
stand-up,170,19,179,344
stand-up,168,19,179,343
stand-up,169,19,179,343
stand-up,169,19,179,343
stand-up,168,18,179,343
stand-up,168,19,179,344
stand-up,168,19,180,343
stand-up,168,19,180,343
stand-up,168,19,180,343
stand-up,169,18,181,343
stand-up,170,18,181,343
stand-up,170,17,181,343
stand-up,170,17,181,343
stand-up,170,17,180,344
stand-up,169,18,180,344
stand-up,170,17,183,343
stand-up,170,17,182,344
stand-up,170,17,182,344
stand-up,169,18,184,343
stand-up,170,18,184,343
stand-up,168,19,183,344
stand-up,170,18,181,344
stand-up,169,18,179,345
stand-up,168,18,180,344
stand-up,167,19,181,344
stand-up,167,20,181,344
stand-up,167,19,179,345
stand-up,167,19,179,345
stand-up,168,19,180,344
stand-up,167,19,181,344
stand-up,166,20,180,344
stand-up,165,20,180,343
stand-up,164,19,181,343
stand-up,163,20,181,343
stand-up,162,20,181,344
stand-up,163,20,181,344
stand-up,163,20,181,344
stand-up,163,20,182,344
stand-up,164,20,181,344
stand-up,165,20,180,344
stand-up,165,19,180,345
stand-up,165,19,180,345
stand-up,165,19,179,345
stand-up,165,19,180,345
stand-up,164,19,179,345
stand-up,165,19,179,345
stand-up,163,19,178,345
stand-up,164,18,176,346
stand-up,164,18,176,346
stand-up,164,19,175,347
stand-up,165,19,177,346
stand-up,166,19,178,346
stand-up,166,19,179,346
stand-up,165,19,178,346
stand-up,164,19,175,347
stand-up,163,19,175,346
stand-up,164,19,179,344
stand-up,163,19,178,345
stand-up,162,19,178,345
stand-up,163,19,180,343
stand-up,165,18,180,343
stand-up,166,18,180,344
stand-up,165,18,179,344
stand-up,166,18,180,343
stand-up,167,18,182,343
stand-up,166,18,182,343
stand-up,167,18,182,343
stand-up,167,18,182,343
stand-up,167,19,181,343
stand-up,166,19,182,343
stand-up,166,18,181,342
stand-up,165,18,183,342
stand-up,163,19,185,341
stand-up,163,20,184,341
stand-up,165,20,185,341
stand-up,165,20,185,342
stand-up,165,20,186,340
stand-up,166,20,185,341
stand-up,167,19,184,341
stand-up,167,20,184,341
stand-up,167,20,184,342
stand-up,167,19,184,342
stand-up,167,19,183,342
stand-up,167,19,182,342
stand-up,167,19,182,342
stand-up,167,19,182,342
stand-up,168,18,182,342
stand-up,168,18,181,342
stand-up,168,18,181,342
stand-up,168,18,180,342
stand-up,168,18,180,342
stand-up,169,18,178,343
stand-up,169,17,179,343
stand-up,169,17,177,344
stand-up,169,18,179,344
stand-up,169,18,178,344
stand-up,169,18,179,344
stand-up,168,17,178,343
stand-up,168,18,177,343
stand-up,169,17,178,344
stand-up,169,18,180,343
stand-up,170,17,182,343
stand-up,170,17,183,342
stand-up,170,17,184,342
stand-up,171,17,185,342
stand-up,169,17,184,342
stand-up,168,18,185,342
stand-up,169,18,186,342
stand-up,169,18,185,342
stand-up,168,18,185,342
stand-up,170,18,186,342
stand-up,170,18,185,342
stand-up,170,18,185,343
stand-up,169,18,186,342
stand-up,169,18,187,342
stand-up,168,18,188,342
stand-up,167,19,188,342
stand-up,167,19,188,342
stand-up,167,20,188,342
stand-up,169,19,187,342
stand-up,170,18,185,343
stand-up,170,19,185,343
stand-up,171,18,185,343
stand-up,170,19,185,343
stand-up,170,19,184,343
stand-up,171,18,184,344
stand-up,172,18,184,344
stand-up,173,18,184,344
stand-up,173,18,184,344
stand-up,172,19,186,343
stand-up,171,19,186,343
stand-up,172,19,188,342
stand-up,172,18,188,342
stand-up,171,19,188,342
stand-up,171,18,190,341
stand-up,172,17,190,341
stand-up,173,17,190,341
stand-up,174,17,188,342
stand-up,175,17,187,342
stand-up,174,17,187,342
stand-up,175,17,184,343
stand-up,175,16,184,342
stand-up,175,16,185,342
stand-up,176,16,187,340
stand-up,176,16,185,340
stand-up,177,16,187,339
stand-up,177,16,188,338
stand-up,176,17,188,338
stand-up,177,17,189,338
stand-up,176,17,189,338
stand-up,176,17,190,338
stand-up,176,17,190,338
stand-up,175,18,190,339
stand-up,175,18,192,338
stand-up,176,18,191,339
stand-up,177,17,191,339
stand-up,178,16,190,339
stand-up,179,16,191,339
stand-up,180,16,191,339
stand-up,180,15,193,338
stand-up,181,15,194,338
stand-up,181,16,194,338
stand-up,182,15,195,338
stand-up,181,15,193,338
stand-up,182,14,192,339
stand-up,183,15,191,339
stand-up,184,15,191,339
stand-up,184,15,192,339
stand-up,184,15,193,338
stand-up,183,16,194,338
stand-up,184,15,192,339
stand-up,184,15,193,338
stand-up,184,15,193,338
stand-up,184,15,194,338
stand-up,184,15,195,338
stand-up,184,15,194,338
stand-up,182,16,195,338
stand-up,181,17,195,338
stand-up,180,17,195,338
stand-up,178,18,194,338
stand-up,178,18,195,338
stand-up,177,18,195,339
stand-up,176,19,196,338
stand-up,176,19,196,339
stand-up,176,20,195,339
stand-up,176,20,195,339
stand-up,177,19,195,339
stand-up,179,17,195,339
stand-up,180,16,194,339
stand-up,181,15,192,340
stand-up,183,15,193,341
stand-up,182,15,192,341
stand-up,181,16,192,340
stand-up,181,17,193,340
stand-up,181,18,191,341
stand-up,181,17,192,341
stand-up,180,18,192,341
stand-up,181,17,192,342
stand-up,183,16,192,342
stand-up,181,17,193,341
stand-up,181,16,194,342
stand-up,180,17,194,342
stand-up,179,17,195,341
stand-up,183,16,196,340
stand-up,203,8,202,337
stand-up,189,0,211,333
stand-up,188,8,213,332
stand-up,188,6,212,332
stand-up,191,7,201,335
stand-up,190,10,196,337
stand-up,190,11,196,339
stand-up,189,12,194,342
stand-up,188,13,195,342
stand-up,187,15,197,340
stand-up,186,15,196,342
stand-up,184,17,197,341
stand-up,184,16,196,342
stand-up,183,16,196,342
stand-up,182,16,196,342
stand-up,182,16,198,342
stand-up,181,16,197,342
stand-up,180,16,197,342
stand-up,180,16,197,342
stand-up,181,15,198,342
stand-up,181,14,198,342
stand-up,180,14,198,342
stand-up,181,14,200,342
stand-up,180,14,199,343
stand-up,181,14,200,343
stand-up,181,13,199,343
stand-up,181,14,198,344
stand-up,182,13,198,344
stand-up,183,13,197,344
stand-up,183,14,196,344
stand-up,182,14,197,345
stand-up,181,14,199,343
stand-up,181,15,200,343
stand-up,180,15,199,343
stand-up,183,14,199,344
stand-up,184,14,198,344
stand-up,185,13,198,344
stand-up,187,13,197,344
stand-up,185,14,197,344
stand-up,186,13,199,343
stand-up,186,13,198,344
stand-up,186,13,199,343
stand-up,184,13,199,343
stand-up,187,13,199,343
stand-up,186,13,199,343
stand-up,185,13,200,343
stand-up,184,13,200,343
stand-up,183,13,199,342
stand-up,183,13,199,343
stand-up,183,13,199,343
stand-up,183,14,199,343
stand-up,182,14,200,342
stand-up,183,13,200,342
stand-up,183,13,201,341
stand-up,183,13,200,342
stand-up,183,13,200,342
stand-up,183,13,199,342
stand-up,183,13,199,342
stand-up,183,13,200,342
stand-up,183,13,200,342
stand-up,183,13,200,342
stand-up,184,13,199,342
stand-up,184,13,199,342
stand-up,184,13,199,342
stand-up,183,13,200,342
stand-up,183,14,201,342
stand-up,183,14,200,342
stand-up,183,14,200,343
stand-up,183,14,201,342
stand-up,184,13,200,342
stand-up,183,14,199,342
stand-up,183,13,200,342
stand-up,183,14,200,342
stand-up,183,13,200,342
stand-up,182,14,202,341
t-pose,176,84,173,267
t-pose,174,87,187,258
t-pose,168,87,183,255
t-pose,167,86,180,257
t-pose,174,85,177,259
t-pose,178,83,178,253
t-pose,177,83,180,254
t-pose,177,83,180,254
t-pose,176,85,179,255
t-pose,176,85,178,254
t-pose,174,86,178,255
t-pose,175,86,177,254
t-pose,175,87,184,260
t-pose,177,89,183,254
t-pose,174,88,180,254
t-pose,176,86,177,254
t-pose,177,86,173,258
t-pose,178,85,171,259
t-pose,178,85,174,259
t-pose,187,86,177,264
t-pose,187,85,176,268
t-pose,188,83,174,269
t-pose,185,84,174,270
t-pose,183,84,175,269
t-pose,183,84,174,269
t-pose,183,84,175,268
t-pose,177,84,167,259
t-pose,181,85,171,266
t-pose,182,85,172,269
t-pose,184,86,174,268
t-pose,183,85,175,268
t-pose,184,84,175,268
t-pose,183,84,175,268
t-pose,184,84,176,268
t-pose,184,84,176,268
t-pose,184,85,177,267
t-pose,186,2,222,266
t-pose,177,81,185,253
t-pose,183,84,178,262
t-pose,184,84,178,267
t-pose,185,86,178,267
t-pose,185,85,177,266
t-pose,186,83,177,267
t-pose,187,83,176,267
t-pose,147,87,177,271
t-pose,176,87,176,270
t-pose,188,288,209,309
t-pose,175,262,173,98
t-pose,20,80,165,255
t-pose,179,87,173,261
t-pose,184,86,179,265
t-pose,184,87,180,266
t-pose,185,86,180,266
t-pose,186,83,178,265
t-pose,185,83,177,265
t-pose,185,82,177,265
t-pose,184,82,176,266
t-pose,184,82,176,266
t-pose,183,85,177,265
t-pose,178,86,156,260
t-pose,180,85,172,267
t-pose,181,86,174,268
t-pose,181,87,174,268
t-pose,182,86,175,267
t-pose,182,85,177,267
t-pose,183,85,177,267
t-pose,182,283,190,312
t-pose,252,357,184,278
t-pose,175,81,182,265
t-pose,175,83,180,264
t-pose,176,87,180,260
t-pose,171,90,163,249
t-pose,182,89,178,256
t-pose,182,87,183,260
t-pose,185,86,186,257
t-pose,185,84,183,258
t-pose,184,82,177,261
t-pose,186,79,175,263
t-pose,179,86,178,255
t-pose,182,83,173,259
t-pose,184,81,173,264
t-pose,184,81,175,265
t-pose,185,80,173,267
t-pose,184,80,171,268
t-pose,186,79,171,268
t-pose,184,59,190,266
t-pose,156,304,199,327
t-pose,181,69,178,275
t-pose,181,78,172,268
t-pose,177,83,180,255
t-pose,180,82,170,267
t-pose,184,80,169,268
t-pose,186,79,170,267
t-pose,186,78,171,265
t-pose,188,77,171,264
t-pose,187,77,173,263
t-pose,187,78,178,260
t-pose,187,78,177,260
t-pose,187,78,177,260
t-pose,188,78,177,260
t-pose,180,83,178,255
t-pose,187,81,177,258
t-pose,189,80,176,259
t-pose,191,77,175,261
t-pose,192,74,175,261
t-pose,189,79,186,259
t-pose,210,258,165,78
t-pose,182,76,182,276
t-pose,186,259,189,82
t-pose,189,258,192,81
t-pose,195,259,187,79
t-pose,175,81,173,258
t-pose,182,75,186,265
t-pose,185,259,187,83
t-pose,182,258,192,80
t-pose,180,259,196,76
t-pose,175,261,196,77
t-pose,179,265,135,356
t-pose,177,262,194,74
t-pose,182,268,184,55
t-pose,194,357,188,273
t-pose,184,310,213,284
t-pose,174,82,178,255
t-pose,187,75,175,269
t-pose,172,263,166,72
t-pose,174,258,193,76
t-pose,174,261,197,73
t-pose,187,73,174,264
t-pose,189,75,178,261
t-pose,172,274,207,348
t-pose,120,73,181,270
t-pose,187,75,181,262
t-pose,190,74,180,263
t-pose,181,89,177,256
t-pose,190,75,181,263
t-pose,194,73,179,266
t-pose,196,71,179,266
t-pose,185,76,182,267
t-pose,185,75,180,267
t-pose,184,74,178,269
t-pose,186,74,177,269
t-pose,188,74,177,270
t-pose,189,72,178,269
t-pose,190,72,176,271
t-pose,175,89,172,257
t-pose,184,77,176,271
t-pose,189,74,173,275
t-pose,191,71,174,274
t-pose,189,72,173,274
t-pose,190,72,175,274
t-pose,190,72,177,273
t-pose,190,72,177,273
t-pose,189,73,177,273
t-pose,188,74,175,274
t-pose,188,73,175,274
t-pose,174,88,173,258
t-pose,185,76,175,277
t-pose,189,74,174,279
t-pose,189,72,173,278
t-pose,190,71,175,276
t-pose,201,45,180,274
t-pose,196,62,180,273
t-pose,192,68,178,274
t-pose,189,70,178,273
t-pose,188,72,178,273
t-pose,187,73,177,274
t-pose,179,86,178,255
t-pose,186,77,176,277
t-pose,189,73,175,277
t-pose,188,73,173,277
t-pose,189,72,175,277
t-pose,188,72,179,273
t-pose,190,71,179,273
t-pose,191,71,179,274
t-pose,190,71,179,274
t-pose,190,71,178,275
t-pose,189,72,178,275
t-pose,176,86,187,261
t-pose,171,92,180,255
t-pose,178,80,175,280
t-pose,183,76,174,283
t-pose,186,73,174,281
t-pose,187,73,175,280
t-pose,187,73,175,280
t-pose,188,72,177,278
t-pose,188,71,177,278
t-pose,189,71,177,279
t-pose,189,70,177,278
t-pose,189,71,178,278
t-pose,179,86,177,258
t-pose,188,72,174,279
t-pose,192,69,176,280
t-pose,193,69,174,280
t-pose,195,68,177,279
t-pose,196,67,175,279
t-pose,195,68,177,279
t-pose,195,69,177,279
t-pose,197,67,176,279
t-pose,195,68,175,279
t-pose,195,68,175,280
t-pose,178,86,175,257
t-pose,174,17,181,277
t-pose,186,65,174,281
t-pose,191,70,174,279
t-pose,193,68,175,279
t-pose,194,69,177,278
t-pose,194,69,176,278
t-pose,193,68,176,277
t-pose,194,68,177,277
t-pose,194,68,178,274
t-pose,193,70,177,275
t-pose,180,86,179,255
t-pose,191,74,175,278
t-pose,194,70,174,279
t-pose,194,69,172,280
t-pose,195,69,174,278
t-pose,193,69,174,278
t-pose,192,70,174,278
t-pose,192,70,175,277
t-pose,192,70,175,277
t-pose,192,70,174,277
t-pose,190,74,179,276
t-pose,180,86,175,259
t-pose,180,80,173,278
t-pose,178,78,170,281
t-pose,180,77,169,282
t-pose,182,76,169,281
t-pose,183,75,170,280
t-pose,183,76,170,280
t-pose,182,76,171,280
t-pose,185,76,170,282
t-pose,185,75,169,282
t-pose,178,85,182,257
t-pose,180,81,177,278
t-pose,181,79,176,281
t-pose,181,79,176,281
t-pose,182,78,175,280
t-pose,183,78,175,280
t-pose,184,77,175,280
t-pose,184,78,176,280
t-pose,185,78,176,279
t-pose,185,79,175,280
t-pose,185,78,175,280
t-pose,177,86,181,256
t-pose,181,83,184,274
t-pose,182,82,178,281
t-pose,184,80,176,282
t-pose,185,79,176,282
t-pose,185,80,175,281
t-pose,184,80,175,281
t-pose,185,80,174,282
t-pose,184,80,175,282
t-pose,184,80,175,282
t-pose,184,79,174,284
t-pose,177,88,175,261
t-pose,186,82,182,273
t-pose,188,79,182,278
t-pose,190,77,179,280
t-pose,188,79,177,281
t-pose,188,79,176,281
t-pose,187,78,174,283
t-pose,188,77,174,283
t-pose,187,77,174,282
t-pose,187,77,174,283
t-pose,189,76,174,284
t-pose,176,88,165,263
t-pose,184,80,175,277
t-pose,189,77,178,280
t-pose,190,77,177,282
t-pose,190,76,175,282
t-pose,188,77,173,283
t-pose,187,78,172,284
t-pose,186,77,172,284
t-pose,185,79,172,285
t-pose,184,79,172,285
t-pose,185,79,172,285
t-pose,177,88,175,265
t-pose,185,83,185,275
t-pose,188,80,180,282
t-pose,187,79,181,281
t-pose,184,81,181,281
t-pose,185,80,181,281
t-pose,185,79,180,282
t-pose,185,79,179,282
t-pose,185,79,177,282
t-pose,185,79,176,282
t-pose,184,78,176,281
t-pose,178,85,185,260
t-pose,178,86,175,258
t-pose,182,79,174,277
t-pose,184,80,171,284
t-pose,185,79,171,286
t-pose,186,78,173,284
t-pose,186,80,173,285
t-pose,184,81,174,284
t-pose,184,79,174,283
t-pose,186,78,174,283
t-pose,187,77,173,282
t-pose,187,77,173,283
t-pose,177,88,180,263
t-pose,185,82,183,270
t-pose,186,84,182,275
t-pose,186,80,178,278
t-pose,185,81,177,278
t-pose,184,80,173,281
t-pose,184,79,172,281
t-pose,184,78,171,283
t-pose,186,77,172,282
t-pose,186,76,172,282
t-pose,186,76,171,282
t-pose,177,88,174,265
t-pose,185,79,179,273
t-pose,186,77,178,278
t-pose,187,76,177,280
t-pose,187,75,175,282
t-pose,186,75,173,283
t-pose,185,76,172,283
t-pose,185,75,172,284
t-pose,186,76,171,284
t-pose,187,75,172,283
t-pose,187,75,172,284
t-pose,179,88,174,267
t-pose,184,79,179,275
t-pose,187,75,176,281
t-pose,188,74,173,284
t-pose,188,74,171,284
t-pose,188,74,171,285
t-pose,188,74,171,286
t-pose,188,74,171,286
t-pose,188,74,170,286
t-pose,188,74,170,286
t-pose,188,74,171,284
t-pose,179,88,176,266
t-pose,186,79,182,275
t-pose,190,76,176,282
t-pose,189,75,176,283
t-pose,188,75,175,283
t-pose,188,75,174,283
t-pose,187,74,174,283
t-pose,187,74,174,283
t-pose,186,75,175,283
t-pose,185,75,175,282
t-pose,186,76,176,282
t-pose,178,85,176,265
t-pose,181,82,185,272
t-pose,183,80,183,276
t-pose,186,78,179,279
t-pose,186,77,177,280
t-pose,188,77,176,281
t-pose,188,78,177,281
t-pose,186,78,176,282
t-pose,187,78,175,283
t-pose,187,78,175,284
t-pose,187,77,175,284
t-pose,178,88,174,266
t-pose,188,81,177,277
t-pose,188,80,176,282
t-pose,187,79,179,282
t-pose,186,78,178,283
t-pose,188,78,175,285
t-pose,188,78,173,286
t-pose,189,77,173,286
t-pose,190,77,173,286
t-pose,191,77,173,286
t-pose,192,77,174,286
t-pose,175,88,187,265
t-pose,194,79,178,279
t-pose,194,78,176,282
t-pose,195,75,176,283
t-pose,192,76,175,284
t-pose,190,77,174,285
t-pose,190,77,174,285
t-pose,190,77,174,284
t-pose,190,77,174,284
t-pose,191,77,174,284
t-pose,191,77,174,284
t-pose,178,88,181,264
t-pose,188,78,172,279
t-pose,192,79,174,283
t-pose,194,76,176,284
t-pose,177,88,185,265
t-pose,171,86,183,259
t-pose,175,84,171,261
t-pose,173,84,173,261
t-pose,177,85,177,260
t-pose,172,88,188,260
t-pose,175,87,182,264
t-pose,174,88,182,264
t-pose,177,87,182,263
t-pose,175,87,181,262
t-pose,176,85,182,264
t-pose,176,85,182,263
t-pose,176,85,183,263
t-pose,176,84,183,263
t-pose,174,89,181,260
t-pose,173,89,180,261
t-pose,176,88,179,262
t-pose,178,87,181,261
t-pose,179,86,181,260
t-pose,172,89,184,260
t-pose,176,85,181,261
t-pose,178,84,182,260
t-pose,178,84,182,260
t-pose,178,84,182,259
t-pose,177,85,181,260
t-pose,178,85,182,260
t-pose,177,86,182,259
t-pose,178,86,180,260
t-pose,178,87,179,261
t-pose,179,86,180,260
t-pose,173,87,180,263
t-pose,177,87,183,259
t-pose,178,87,183,258
t-pose,178,86,182,259
t-pose,178,86,181,259
t-pose,178,86,181,259
t-pose,177,86,181,259
t-pose,178,85,181,259
t-pose,176,85,181,260
t-pose,177,85,181,260
t-pose,177,85,181,260
t-pose,173,87,182,261
t-pose,173,88,181,260
t-pose,174,88,181,261
t-pose,176,87,181,261
t-pose,175,88,182,261
t-pose,176,87,183,260
t-pose,176,87,184,260
t-pose,176,86,185,260
t-pose,175,86,185,260
t-pose,176,85,185,260
t-pose,176,85,185,260
t-pose,177,83,185,261
t-pose,180,85,185,261
t-pose,178,83,184,262
t-pose,178,84,184,263
t-pose,175,85,182,260
t-pose,170,93,178,263
t-pose,170,92,179,263
t-pose,172,91,180,263
t-pose,172,90,183,261
t-pose,172,90,183,261
t-pose,173,89,184,260
t-pose,176,90,182,261
t-pose,174,90,182,261
t-pose,174,90,180,261
t-pose,174,90,178,263
t-pose,181,84,182,258
t-pose,179,87,186,259
t-pose,174,89,183,261
t-pose,172,91,180,262
t-pose,173,91,179,262
t-pose,174,90,181,261
t-pose,175,90,182,261
t-pose,174,89,184,259
t-pose,175,89,185,259
t-pose,176,89,184,259
t-pose,176,89,185,259
t-pose,173,88,178,261
t-pose,178,87,181,264
t-pose,175,88,180,264
t-pose,175,88,179,264
t-pose,176,88,179,265
t-pose,177,88,180,264
t-pose,176,89,181,265
t-pose,177,88,182,264
t-pose,177,88,182,264
t-pose,177,88,184,262
t-pose,177,87,183,263
t-pose,172,88,180,262
t-pose,182,83,190,260
t-pose,177,86,183,264
t-pose,175,88,178,266
t-pose,174,88,178,265
t-pose,175,88,178,265
t-pose,177,88,178,265
t-pose,176,88,181,263
t-pose,177,87,183,262
t-pose,177,87,181,263
t-pose,178,86,181,262
t-pose,172,89,182,259
t-pose,181,84,181,262
t-pose,182,85,185,261
t-pose,175,88,182,262
t-pose,177,86,179,262
t-pose,179,86,179,263
t-pose,177,85,178,262
t-pose,178,85,179,263
t-pose,178,85,181,262
t-pose,179,85,181,261
t-pose,179,85,181,261
t-pose,178,84,181,261
t-pose,176,86,179,261
t-pose,179,85,182,260
t-pose,178,85,180,259
t-pose,175,86,180,259
t-pose,175,86,181,260
t-pose,176,85,177,261
t-pose,176,85,178,261
t-pose,177,85,180,259
t-pose,178,84,181,258
t-pose,178,84,182,257
t-pose,175,89,178,263
t-pose,177,86,179,256
t-pose,179,84,180,255
t-pose,178,84,180,257
t-pose,177,84,180,256
t-pose,177,84,180,257
t-pose,179,84,178,257
t-pose,179,84,177,258
t-pose,179,84,176,259
t-pose,179,84,177,259
t-pose,179,84,179,257
